Team,Team Member,Competition,Country,Year
Rachel Homan,Rachel Homan (Skip),Princess Auto Elite 10,CAN,2018
Rachel Homan,Emma Miskew,Princess Auto Elite 10,CAN,2018
Rachel Homan,Joanne Courtney,Princess Auto Elite 10,CAN,2018
Rachel Homan,Lisa Weagle,Princess Auto Elite 10,CAN,2018
Tracy Fleury,Tracy Fleury (Skip),Princess Auto Elite 10,CAN,2018
Tracy Fleury,Selena Njegovan,Princess Auto Elite 10,CAN,2018
Tracy Fleury,Liz Fyfe,Princess Auto Elite 10,CAN,2018
Tracy Fleury,Kristin MacCuish,Princess Auto Elite 10,CAN,2018
Jennifer Jones,Jennifer Jones (Skip),Princess Auto Elite 10,CAN,2018
Jennifer Jones,Kaitlyn Lawes,Princess Auto Elite 10,CAN,2018
Jennifer Jones,Jocelyn Peterman,Princess Auto Elite 10,CAN,2018
Jennifer Jones,Dawn McEwen,Princess Auto Elite 10,CAN,2018
Jamie Sinclair,Jamie Sinclair (Skip),Princess Auto Elite 10,USA,2018
Jamie Sinclair,Sarah Anderson,Princess Auto Elite 10,USA,2018
Jamie Sinclair,Taylor Anderson,Princess Auto Elite 10,USA,2018
Jamie Sinclair,Monica Walker,Princess Auto Elite 10,USA,2018
Anna Hasselborg,Anna Hasselborg (Skip),Princess Auto Elite 10,SWE,2018
Anna Hasselborg,Sara McManus,Princess Auto Elite 10,SWE,2018
Anna Hasselborg,Agnes Knochenhauer,Princess Auto Elite 10,SWE,2018
Anna Hasselborg,Sofia Mabergs,Princess Auto Elite 10,SWE,2018
Casey Scheidegger,Casey Scheidegger (Skip),Princess Auto Elite 10,CAN,2018
Casey Scheidegger,Cary-Anne McTaggart,Princess Auto Elite 10,CAN,2018
Casey Scheidegger,Jessie Haughian,Princess Auto Elite 10,CAN,2018
Casey Scheidegger,Kristie Moore,Princess Auto Elite 10,CAN,2018
Chelsea Carey,Chelsea Carey (Skip),Princess Auto Elite 10,CAN,2018
Chelsea Carey,Sarah Wilkes,Princess Auto Elite 10,CAN,2018
Chelsea Carey,Dana Ferguson,Princess Auto Elite 10,CAN,2018
Chelsea Carey,Heather Rogers,Princess Auto Elite 10,CAN,2018
Nina Roth,Nina Roth (Skip),Princess Auto Elite 10,USA,2018
Nina Roth,Tabitha Peterson,Princess Auto Elite 10,USA,2018
Nina Roth,Becca Hamilton,Princess Auto Elite 10,USA,2018
Nina Roth,Aileen Geving,Princess Auto Elite 10,USA,2018
Laura Walker,Laura Walker (Skip),Princess Auto Elite 10,CAN,2018
Laura Walker,Cathy Overton-Clapham,Princess Auto Elite 10,CAN,2018
Laura Walker,Lori Olson-Johns,Princess Auto Elite 10,CAN,2018
Laura Walker,Laine Peters,Princess Auto Elite 10,CAN,2018
Silvana Tirinzoni,Alina Paetz,Princess Auto Elite 10,SUI,2018
Silvana Tirinzoni,Silvana Tirinzoni (Skip),Princess Auto Elite 10,SUI,2018
Silvana Tirinzoni,Esther Neuenschwander,Princess Auto Elite 10,SUI,2018
Silvana Tirinzoni,Melanie Barbezat,Princess Auto Elite 10,SUI,2018
Brad Jacobs,Brad Jacobs (Skip),Princess Auto Elite 10,CAN,2018
Brad Jacobs,Ryan Fry,Princess Auto Elite 10,CAN,2018
Brad Jacobs,E.J. Harnden,Princess Auto Elite 10,CAN,2018
Brad Jacobs,Ryan Harnden,Princess Auto Elite 10,CAN,2018
Bruce Mouat,Bruce Mouat (Skip),Princess Auto Elite 10,SCO,2018
Bruce Mouat,Grant Hardie,Princess Auto Elite 10,SCO,2018
Bruce Mouat,Bobby Lammie,Princess Auto Elite 10,SCO,2018
Bruce Mouat,Hammy McMillan Jr.,Princess Auto Elite 10,SCO,2018
Glenn Howard,Glenn Howard (Skip),Princess Auto Elite 10,CAN,2018
Glenn Howard,Scott Howard (Skip),Princess Auto Elite 10,CAN,2018
Glenn Howard,David Mathers,Princess Auto Elite 10,CAN,2018
Glenn Howard,Tim March,Princess Auto Elite 10,CAN,2018
Kevin Koe,Kevin Koe (Skip),Princess Auto Elite 10,CAN,2018
Kevin Koe,B.J. Neufeld,Princess Auto Elite 10,CAN,2018
Kevin Koe,Colton Flasch,Princess Auto Elite 10,CAN,2018
Kevin Koe,Ben Hebert,Princess Auto Elite 10,CAN,2018
John Epping,John Epping (Skip),Princess Auto Elite 10,CAN,2018
John Epping,Mathew Camm,Princess Auto Elite 10,CAN,2018
John Epping,Brent Laing,Princess Auto Elite 10,CAN,2018
John Epping,Craig Savill,Princess Auto Elite 10,CAN,2018
Brad Gushue,Brad Gushue (Skip),Princess Auto Elite 10,CAN,2018
Brad Gushue,Mark Nichols,Princess Auto Elite 10,CAN,2018
Brad Gushue,Brett Gallant,Princess Auto Elite 10,CAN,2018
Brad Gushue,Geoff Walker,Princess Auto Elite 10,CAN,2018
Niklas Edin,Niklas Edin (Skip),Princess Auto Elite 10,SWE,2018
Niklas Edin,Oskar Eriksson,Princess Auto Elite 10,SWE,2018
Niklas Edin,Rasmus Wrana,Princess Auto Elite 10,SWE,2018
Niklas Edin,Christoffer Sundgren,Princess Auto Elite 10,SWE,2018
Jason Gunnlaugson,Jason Gunnlaugson (Skip),Princess Auto Elite 10,CAN,2018
Jason Gunnlaugson,Alex Forrest,Princess Auto Elite 10,CAN,2018
Jason Gunnlaugson,Denni Neufeld,Princess Auto Elite 10,CAN,2018
Jason Gunnlaugson,Connor Njegovan,Princess Auto Elite 10,CAN,2018
Reid Carruthers,Mike McEwen,Princess Auto Elite 10,CAN,2018
Reid Carruthers,Reid Carruthers (Skip),Princess Auto Elite 10,CAN,2018
Reid Carruthers,Derek Samagalski,Princess Auto Elite 10,CAN,2018
Reid Carruthers,Colin Hodgson,Princess Auto Elite 10,CAN,2018
Ross Paterson,Ross Paterson (Skip),Princess Auto Elite 10,SCO,2018
Ross Paterson,Kyle Waddell,Princess Auto Elite 10,SCO,2018
Ross Paterson,Duncan Menzies,Princess Auto Elite 10,SCO,2018
Ross Paterson,Michael Goodfellow,Princess Auto Elite 10,SCO,2018
Rachel Homan,Rachel Homan (Skip),Canadian Beef Masters of Curling,CAN,2018
Rachel Homan,Emma Miskew,Canadian Beef Masters of Curling,CAN,2018
Rachel Homan,Joanne Courtney,Canadian Beef Masters of Curling,CAN,2018
Rachel Homan,Lisa Weagle,Canadian Beef Masters of Curling,CAN,2018
Tracy Fleury,Tracy Fleury (Skip),Canadian Beef Masters of Curling,CAN,2018
Tracy Fleury,Selena Njegovan,Canadian Beef Masters of Curling,CAN,2018
Tracy Fleury,Liz Fyfe,Canadian Beef Masters of Curling,CAN,2018
Tracy Fleury,Kristin MacCuish,Canadian Beef Masters of Curling,CAN,2018
Kaitlyn Jones,Kaitlyn Jones (Skip),Canadian Beef Masters of Curling,CAN,2018
Kaitlyn Jones,Lauren Lenentine,Canadian Beef Masters of Curling,CAN,2018
Kaitlyn Jones,Karlee Burgess,Canadian Beef Masters of Curling,CAN,2018
Kaitlyn Jones,Lindsey Burgess,Canadian Beef Masters of Curling,CAN,2018
Jamie Sinclair,Jamie Sinclair (Skip),Canadian Beef Masters of Curling,USA,2018
Jamie Sinclair,Sarah Anderson,Canadian Beef Masters of Curling,USA,2018
Jamie Sinclair,Taylor Anderson,Canadian Beef Masters of Curling,USA,2018
Jamie Sinclair,Monica Walker,Canadian Beef Masters of Curling,USA,2018
Anna Hasselborg,Anna Hasselborg (Skip),Canadian Beef Masters of Curling,SWE,2018
Anna Hasselborg,Sara McManus,Canadian Beef Masters of Curling,SWE,2018
Anna Hasselborg,Agnes Knochenhauer,Canadian Beef Masters of Curling,SWE,2018
Anna Hasselborg,Sofia Mabergs,Canadian Beef Masters of Curling,SWE,2018
Nina Roth,Nina Roth (Skip),Canadian Beef Masters of Curling,USA,2018
Nina Roth,Tabitha Peterson,Canadian Beef Masters of Curling,USA,2018
Nina Roth,Becca Hamilton,Canadian Beef Masters of Curling,USA,2018
Nina Roth,Natalie Nicholson,Canadian Beef Masters of Curling,USA,2018
Chelsea Carey,Chelsea Carey (Skip),Canadian Beef Masters of Curling,CAN,2018
Chelsea Carey,Sarah Wilkes,Canadian Beef Masters of Curling,CAN,2018
Chelsea Carey,Dana Ferguson,Canadian Beef Masters of Curling,CAN,2018
Chelsea Carey,Heather Rogers,Canadian Beef Masters of Curling,CAN,2018
Satsuki Fujisawa,Satsuki Fujisawa (Skip),Canadian Beef Masters of Curling,JPN,2018
Satsuki Fujisawa,Chinami Yoshida,Canadian Beef Masters of Curling,JPN,2018
Satsuki Fujisawa,Yumi Suzuki,Canadian Beef Masters of Curling,JPN,2018
Satsuki Fujisawa,Yurika Yoshida,Canadian Beef Masters of Curling,JPN,2018
Eve Muirhead,Eve Muirhead (Skip),Canadian Beef Masters of Curling,SCO,2018
Eve Muirhead,Jennifer Dodds,Canadian Beef Masters of Curling,SCO,2018
Eve Muirhead,Vicki Chalmers,Canadian Beef Masters of Curling,SCO,2018
Eve Muirhead,Lauren Gray,Canadian Beef Masters of Curling,SCO,2018
Laura Walker,Laura Walker (Skip),Canadian Beef Masters of Curling,CAN,2018
Laura Walker,Cathy Overton-Clapham,Canadian Beef Masters of Curling,CAN,2018
Laura Walker,Lori Olson-Johns,Canadian Beef Masters of Curling,CAN,2018
Laura Walker,Laine Peters,Canadian Beef Masters of Curling,CAN,2018
Darcy Robertson,Darcy Robertson (Skip),Canadian Beef Masters of Curling,CAN,2018
Darcy Robertson,Karen Klein,Canadian Beef Masters of Curling,CAN,2018
Darcy Robertson,Vanessa Foster,Canadian Beef Masters of Curling,CAN,2018
Darcy Robertson,Theresa Cannon,Canadian Beef Masters of Curling,CAN,2018
Silvana Tirinzoni,Alina Paetz,Canadian Beef Masters of Curling,SUI,2018
Silvana Tirinzoni,Silvana Tirinzoni (Skip),Canadian Beef Masters of Curling,SUI,2018
Silvana Tirinzoni,Esther Neuenschwander,Canadian Beef Masters of Curling,SUI,2018
Silvana Tirinzoni,Melanie Barbezat,Canadian Beef Masters of Curling,SUI,2018
Casey Scheidegger,Casey Scheidegger (Skip),Canadian Beef Masters of Curling,CAN,2018
Casey Scheidegger,Cary-Anne McTaggart,Canadian Beef Masters of Curling,CAN,2018
Casey Scheidegger,Jessie Haughian,Canadian Beef Masters of Curling,CAN,2018
Casey Scheidegger,Kristie Moore,Canadian Beef Masters of Curling,CAN,2018
Kerri Einarson,Kerri Einarson (Skip),Canadian Beef Masters of Curling,CAN,2018
Kerri Einarson,Val Sweeting,Canadian Beef Masters of Curling,CAN,2018
Kerri Einarson,Shannon Birchard,Canadian Beef Masters of Curling,CAN,2018
Kerri Einarson,Briane Meilleur,Canadian Beef Masters of Curling,CAN,2018
Brad Jacobs,Brad Jacobs (Skip),Canadian Beef Masters of Curling,CAN,2018
Brad Jacobs,Ryan Fry,Canadian Beef Masters of Curling,CAN,2018
Brad Jacobs,E.J. Harnden,Canadian Beef Masters of Curling,CAN,2018
Brad Jacobs,Ryan Harnden,Canadian Beef Masters of Curling,CAN,2018
Bruce Mouat,Bruce Mouat (Skip),Canadian Beef Masters of Curling,SCO,2018
Bruce Mouat,Grant Hardie,Canadian Beef Masters of Curling,SCO,2018
Bruce Mouat,Bobby Lammie,Canadian Beef Masters of Curling,SCO,2018
Bruce Mouat,Hammy McMillan Jr.,Canadian Beef Masters of Curling,SCO,2018
Matt Dunstone,Matt Dunstone (Skip),Canadian Beef Masters of Curling,CAN,2018
Matt Dunstone,Braeden Moskowy,Canadian Beef Masters of Curling,CAN,2018
Matt Dunstone,Catlin Schneider,Canadian Beef Masters of Curling,CAN,2018
Matt Dunstone,Dustin Kidby,Canadian Beef Masters of Curling,CAN,2018
Yannick Schwaller,Yannick Schwaller (Skip),Canadian Beef Masters of Curling,SUI,2018
Yannick Schwaller,Michael Brunner,Canadian Beef Masters of Curling,SUI,2018
Yannick Schwaller,Romano Meier,Canadian Beef Masters of Curling,SUI,2018
Yannick Schwaller,Marcel Kaeufeler,Canadian Beef Masters of Curling,SUI,2018
Glenn Howard,Glenn Howard (Skip),Canadian Beef Masters of Curling,CAN,2018
Glenn Howard,Scott Howard (Skip),Canadian Beef Masters of Curling,CAN,2018
Glenn Howard,David Mathers,Canadian Beef Masters of Curling,CAN,2018
Glenn Howard,Tim March,Canadian Beef Masters of Curling,CAN,2018
Jamie Murphy,Jamie Murphy (Skip),Canadian Beef Masters of Curling,CAN,2018
Jamie Murphy,Paul Flemming,Canadian Beef Masters of Curling,CAN,2018
Jamie Murphy,Scott Saccary,Canadian Beef Masters of Curling,CAN,2018
Jamie Murphy,Philip Crowell,Canadian Beef Masters of Curling,CAN,2018
Kevin Koe,Kevin Koe (Skip),Canadian Beef Masters of Curling,CAN,2018
Kevin Koe,B.J. Neufeld,Canadian Beef Masters of Curling,CAN,2018
Kevin Koe,Colton Flasch,Canadian Beef Masters of Curling,CAN,2018
Kevin Koe,Ben Hebert,Canadian Beef Masters of Curling,CAN,2018
John Epping,John Epping (Skip),Canadian Beef Masters of Curling,CAN,2018
John Epping,Mathew Camm,Canadian Beef Masters of Curling,CAN,2018
John Epping,Brent Laing,Canadian Beef Masters of Curling,CAN,2018
John Epping,Craig Savill,Canadian Beef Masters of Curling,CAN,2018
Brad Gushue,Brad Gushue (Skip),Canadian Beef Masters of Curling,CAN,2018
Brad Gushue,Mark Nichols,Canadian Beef Masters of Curling,CAN,2018
Brad Gushue,Brett Gallant,Canadian Beef Masters of Curling,CAN,2018
Brad Gushue,Geoff Walker,Canadian Beef Masters of Curling,CAN,2018
Niklas Edin,Niklas Edin (Skip),Canadian Beef Masters of Curling,SWE,2018
Niklas Edin,Oskar Eriksson,Canadian Beef Masters of Curling,SWE,2018
Niklas Edin,Rasmus Wrana,Canadian Beef Masters of Curling,SWE,2018
Niklas Edin,Christoffer Sundgren,Canadian Beef Masters of Curling,SWE,2018
Jason Gunnlaugson,Jason Gunnlaugson (Skip),Canadian Beef Masters of Curling,CAN,2018
Jason Gunnlaugson,Alex Forrest,Canadian Beef Masters of Curling,CAN,2018
Jason Gunnlaugson,Denni Neufeld,Canadian Beef Masters of Curling,CAN,2018
Jason Gunnlaugson,Connor Njegovan,Canadian Beef Masters of Curling,CAN,2018
Reid Carruthers,Mike McEwen,Canadian Beef Masters of Curling,CAN,2018
Reid Carruthers,Reid Carruthers (Skip),Canadian Beef Masters of Curling,CAN,2018
Reid Carruthers,Matt Wozniak,Canadian Beef Masters of Curling,CAN,2018
Reid Carruthers,Colin Hodgson,Canadian Beef Masters of Curling,CAN,2018
Ross Paterson,Ross Paterson (Skip),Canadian Beef Masters of Curling,SCO,2018
Ross Paterson,Kyle Waddell,Canadian Beef Masters of Curling,SCO,2018
Ross Paterson,Duncan Menzies,Canadian Beef Masters of Curling,SCO,2018
Ross Paterson,Michael Goodfellow,Canadian Beef Masters of Curling,SCO,2018
Steffen Walstad,Steffen Walstad (Skip),Canadian Beef Masters of Curling,NOR,2018
Steffen Walstad,Markus Hoiberg,Canadian Beef Masters of Curling,NOR,2018
Steffen Walstad,Magnus Nedregotten,Canadian Beef Masters of Curling,NOR,2018
Steffen Walstad,Magnus Vaagberg,Canadian Beef Masters of Curling,NOR,2018
John Shuster,John Shuster (Skip),Canadian Beef Masters of Curling,USA,2018
John Shuster,Christopher Plys,Canadian Beef Masters of Curling,USA,2018
John Shuster,Matt Hamilton,Canadian Beef Masters of Curling,USA,2018
John Shuster,John Landsteiner,Canadian Beef Masters of Curling,USA,2018
Rachel Homan,Rachel Homan (Skip),GSOC Tour Challenge Tier 1,CAN,2018
Rachel Homan,Emma Miskew,GSOC Tour Challenge Tier 1,CAN,2018
Rachel Homan,Joanne Courtney,GSOC Tour Challenge Tier 1,CAN,2018
Rachel Homan,Lisa Weagle,GSOC Tour Challenge Tier 1,CAN,2018
Tracy Fleury,Tracy Fleury (Skip),GSOC Tour Challenge Tier 1,CAN,2018
Tracy Fleury,Selena Njegovan,GSOC Tour Challenge Tier 1,CAN,2018
Tracy Fleury,Liz Fyfe,GSOC Tour Challenge Tier 1,CAN,2018
Tracy Fleury,Kristin MacCuish,GSOC Tour Challenge Tier 1,CAN,2018
Isabella Wrana,Isabella Wrana (Skip),GSOC Tour Challenge Tier 1,SWE,2018
Isabella Wrana,Jennie Wahlin,GSOC Tour Challenge Tier 1,SWE,2018
Isabella Wrana,Almida de Val,GSOC Tour Challenge Tier 1,SWE,2018
Isabella Wrana,Fanny Sjoberg,GSOC Tour Challenge Tier 1,SWE,2018
Cory Christensen,Cory Christensen (Skip),GSOC Tour Challenge Tier 1,USA,2018
Cory Christensen,Vicky Persinger,GSOC Tour Challenge Tier 1,USA,2018
Cory Christensen,Jenna Martin,GSOC Tour Challenge Tier 1,USA,2018
Cory Christensen,Madison Bear,GSOC Tour Challenge Tier 1,USA,2018
Jennifer Jones,Jennifer Jones (Skip),GSOC Tour Challenge Tier 1,CAN,2018
Jennifer Jones,Kaitlyn Lawes,GSOC Tour Challenge Tier 1,CAN,2018
Jennifer Jones,Jocelyn Peterman,GSOC Tour Challenge Tier 1,CAN,2018
Jennifer Jones,Dawn McEwen,GSOC Tour Challenge Tier 1,CAN,2018
Allison Flaxey,Allison Flaxey (Skip),GSOC Tour Challenge Tier 1,CAN,2018
Allison Flaxey,Kate Cameron,GSOC Tour Challenge Tier 1,CAN,2018
Allison Flaxey,Taylor McDonald,GSOC Tour Challenge Tier 1,CAN,2018
Allison Flaxey,Raunora Westcott,GSOC Tour Challenge Tier 1,CAN,2018
Casey Scheidegger,Casey Scheidegger (Skip),GSOC Tour Challenge Tier 1,CAN,2018
Casey Scheidegger,Cary-Anne McTaggart,GSOC Tour Challenge Tier 1,CAN,2018
Casey Scheidegger,Jessie Haughian,GSOC Tour Challenge Tier 1,CAN,2018
Casey Scheidegger,Kristie Moore,GSOC Tour Challenge Tier 1,CAN,2018
Chelsea Carey,Chelsea Carey (Skip),GSOC Tour Challenge Tier 1,CAN,2018
Chelsea Carey,Sarah Wilkes,GSOC Tour Challenge Tier 1,CAN,2018
Chelsea Carey,Dana Ferguson,GSOC Tour Challenge Tier 1,CAN,2018
Chelsea Carey,Heather Rogers,GSOC Tour Challenge Tier 1,CAN,2018
Jamie Sinclair,Jamie Sinclair (Skip),GSOC Tour Challenge Tier 1,USA,2018
Jamie Sinclair,Sarah Anderson,GSOC Tour Challenge Tier 1,USA,2018
Jamie Sinclair,Taylor Anderson,GSOC Tour Challenge Tier 1,USA,2018
Jamie Sinclair,Monica Walker,GSOC Tour Challenge Tier 1,USA,2018
Krista McCarville,Krista McCarville (Skip),GSOC Tour Challenge Tier 1,CAN,2018
Krista McCarville,Kendra Lilly,GSOC Tour Challenge Tier 1,CAN,2018
Krista McCarville,Ashley Sippala,GSOC Tour Challenge Tier 1,CAN,2018
Krista McCarville,Sarah Potts,GSOC Tour Challenge Tier 1,CAN,2018
Nina Roth,Nina Roth (Skip),GSOC Tour Challenge Tier 1,USA,2018
Nina Roth,Tabitha Peterson,GSOC Tour Challenge Tier 1,USA,2018
Nina Roth,Becca Hamilton,GSOC Tour Challenge Tier 1,USA,2018
Nina Roth,Tara Peterson,GSOC Tour Challenge Tier 1,USA,2018
Laura Walker,Laura Walker (Skip),GSOC Tour Challenge Tier 1,CAN,2018
Laura Walker,Cathy Overton-Clapham,GSOC Tour Challenge Tier 1,CAN,2018
Laura Walker,Lori Olson-Johns,GSOC Tour Challenge Tier 1,CAN,2018
Laura Walker,Laine Peters,GSOC Tour Challenge Tier 1,CAN,2018
Darcy Robertson,Darcy Robertson (Skip),GSOC Tour Challenge Tier 1,CAN,2018
Darcy Robertson,Karen Klein,GSOC Tour Challenge Tier 1,CAN,2018
Darcy Robertson,Vanessa Foster,GSOC Tour Challenge Tier 1,CAN,2018
Darcy Robertson,Theresa Cannon,GSOC Tour Challenge Tier 1,CAN,2018
Silvana Tirinzoni,Alina Paetz,GSOC Tour Challenge Tier 1,SUI,2018
Silvana Tirinzoni,Silvana Tirinzoni (Skip),GSOC Tour Challenge Tier 1,SUI,2018
Silvana Tirinzoni,Esther Neuenschwander,GSOC Tour Challenge Tier 1,SUI,2018
Silvana Tirinzoni,Melanie Barbezat,GSOC Tour Challenge Tier 1,SUI,2018
Kerri Einarson,Kerri Einarson (Skip),GSOC Tour Challenge Tier 1,CAN,2018
Kerri Einarson,Val Sweeting,GSOC Tour Challenge Tier 1,CAN,2018
Kerri Einarson,Shannon Birchard,GSOC Tour Challenge Tier 1,CAN,2018
Kerri Einarson,Briane Meilleur,GSOC Tour Challenge Tier 1,CAN,2018
Rich Ruohonen,Greg Persinger,GSOC Tour Challenge Tier 1,USA,2018
Rich Ruohonen,Rich Ruohonen (Skip),GSOC Tour Challenge Tier 1,USA,2018
Rich Ruohonen,Colin Hufman,GSOC Tour Challenge Tier 1,USA,2018
Rich Ruohonen,Phil Tilker,GSOC Tour Challenge Tier 1,USA,2018
Brad Jacobs,Brad Jacobs (Skip),GSOC Tour Challenge Tier 1,CAN,2018
Brad Jacobs,Ryan Fry,GSOC Tour Challenge Tier 1,CAN,2018
Brad Jacobs,E.J. Harnden,GSOC Tour Challenge Tier 1,CAN,2018
Brad Jacobs,Ryan Harnden,GSOC Tour Challenge Tier 1,CAN,2018
Matt Dunstone,Matt Dunstone (Skip),GSOC Tour Challenge Tier 1,CAN,2018
Matt Dunstone,Braeden Moskowy,GSOC Tour Challenge Tier 1,CAN,2018
Matt Dunstone,Catlin Schneider,GSOC Tour Challenge Tier 1,CAN,2018
Matt Dunstone,Dustin Kidby,GSOC Tour Challenge Tier 1,CAN,2018
Brendan Bottcher,Brendan Bottcher (Skip),GSOC Tour Challenge Tier 1,CAN,2018
Brendan Bottcher,Darren Moulding,GSOC Tour Challenge Tier 1,CAN,2018
Brendan Bottcher,Bradley Thiessen,GSOC Tour Challenge Tier 1,CAN,2018
Brendan Bottcher,Karrick Martin,GSOC Tour Challenge Tier 1,CAN,2018
Glenn Howard,Glenn Howard (Skip),GSOC Tour Challenge Tier 1,CAN,2018
Glenn Howard,Scott Howard (Skip),GSOC Tour Challenge Tier 1,CAN,2018
Glenn Howard,David Mathers,GSOC Tour Challenge Tier 1,CAN,2018
Glenn Howard,Tim March,GSOC Tour Challenge Tier 1,CAN,2018
Peter De Cruz,Benoit Schwarz,GSOC Tour Challenge Tier 1,SUI,2018
Peter De Cruz,Sven Michel,GSOC Tour Challenge Tier 1,SUI,2018
Peter De Cruz,Peter De Cruz (Skip),GSOC Tour Challenge Tier 1,SUI,2018
Peter De Cruz,Valentin Tanner,GSOC Tour Challenge Tier 1,SUI,2018
Kevin Koe,Kevin Koe (Skip),GSOC Tour Challenge Tier 1,CAN,2018
Kevin Koe,B.J. Neufeld,GSOC Tour Challenge Tier 1,CAN,2018
Kevin Koe,Colton Flasch,GSOC Tour Challenge Tier 1,CAN,2018
Kevin Koe,Ben Hebert,GSOC Tour Challenge Tier 1,CAN,2018
John Epping,John Epping (Skip),GSOC Tour Challenge Tier 1,CAN,2018
John Epping,Mathew Camm,GSOC Tour Challenge Tier 1,CAN,2018
John Epping,Brent Laing,GSOC Tour Challenge Tier 1,CAN,2018
John Epping,Craig Savill,GSOC Tour Challenge Tier 1,CAN,2018
Brad Gushue,Brad Gushue (Skip),GSOC Tour Challenge Tier 1,CAN,2018
Brad Gushue,Mark Nichols,GSOC Tour Challenge Tier 1,CAN,2018
Brad Gushue,Brett Gallant,GSOC Tour Challenge Tier 1,CAN,2018
Brad Gushue,Geoff Walker,GSOC Tour Challenge Tier 1,CAN,2018
Niklas Edin,Niklas Edin (Skip),GSOC Tour Challenge Tier 1,SWE,2018
Niklas Edin,Oskar Eriksson,GSOC Tour Challenge Tier 1,SWE,2018
Niklas Edin,Rasmus Wrana,GSOC Tour Challenge Tier 1,SWE,2018
Niklas Edin,Christoffer Sundgren,GSOC Tour Challenge Tier 1,SWE,2018
Jason Gunnlaugson,Jason Gunnlaugson (Skip),GSOC Tour Challenge Tier 1,CAN,2018
Jason Gunnlaugson,Alex Forrest,GSOC Tour Challenge Tier 1,CAN,2018
Jason Gunnlaugson,Denni Neufeld,GSOC Tour Challenge Tier 1,CAN,2018
Jason Gunnlaugson,Connor Njegovan,GSOC Tour Challenge Tier 1,CAN,2018
Reid Carruthers,Mike McEwen,GSOC Tour Challenge Tier 1,CAN,2018
Reid Carruthers,Reid Carruthers (Skip),GSOC Tour Challenge Tier 1,CAN,2018
Reid Carruthers,Derek Samagalski,GSOC Tour Challenge Tier 1,CAN,2018
Reid Carruthers,Colin Hodgson,GSOC Tour Challenge Tier 1,CAN,2018
Ross Paterson,Ross Paterson (Skip),GSOC Tour Challenge Tier 1,SCO,2018
Ross Paterson,Kyle Waddell,GSOC Tour Challenge Tier 1,SCO,2018
Ross Paterson,Duncan Menzies,GSOC Tour Challenge Tier 1,SCO,2018
Ross Paterson,Michael Goodfellow,GSOC Tour Challenge Tier 1,SCO,2018
Braden Calvert,Braden Calvert (Skip),GSOC Tour Challenge Tier 1,CAN,2018
Braden Calvert,Kyle Kurz,GSOC Tour Challenge Tier 1,CAN,2018
Braden Calvert,Ian McMillan,GSOC Tour Challenge Tier 1,CAN,2018
Braden Calvert,Robbie Gordon,GSOC Tour Challenge Tier 1,CAN,2018
John Shuster,John Shuster (Skip),GSOC Tour Challenge Tier 1,USA,2018
John Shuster,Christopher Plys,GSOC Tour Challenge Tier 1,USA,2018
John Shuster,Matt Hamilton,GSOC Tour Challenge Tier 1,USA,2018
John Shuster,John Landsteiner,GSOC Tour Challenge Tier 1,USA,2018
Rachel Homan,Rachel Homan (Skip),Boost National,CAN,2018
Rachel Homan,Emma Miskew,Boost National,CAN,2018
Rachel Homan,Joanne Courtney,Boost National,CAN,2018
Rachel Homan,Lisa Weagle,Boost National,CAN,2018
Tracy Fleury,Tracy Fleury (Skip),Boost National,CAN,2018
Tracy Fleury,Selena Njegovan,Boost National,CAN,2018
Tracy Fleury,Liz Fyfe,Boost National,CAN,2018
Tracy Fleury,Kristin MacCuish,Boost National,CAN,2018
Isabella Wrana,Isabella Wrana (Skip),Boost National,SWE,2018
Isabella Wrana,Jennie Wahlin,Boost National,SWE,2018
Isabella Wrana,Almida de Val,Boost National,SWE,2018
Isabella Wrana,Fanny Sjoberg,Boost National,SWE,2018
Jennifer Jones,Jennifer Jones (Skip),Boost National,CAN,2018
Jennifer Jones,Kaitlyn Lawes,Boost National,CAN,2018
Jennifer Jones,Jocelyn Peterman,Boost National,CAN,2018
Jennifer Jones,Dawn McEwen,Boost National,CAN,2018
Jamie Sinclair,Jamie Sinclair (Skip),Boost National,USA,2018
Jamie Sinclair,Sarah Anderson,Boost National,USA,2018
Jamie Sinclair,Taylor Anderson,Boost National,USA,2018
Jamie Sinclair,Monica Walker,Boost National,USA,2018
Anna Hasselborg,Anna Hasselborg (Skip),Boost National,SWE,2018
Anna Hasselborg,Sara McManus,Boost National,SWE,2018
Anna Hasselborg,Agnes Knochenhauer,Boost National,SWE,2018
Anna Hasselborg,Sofia Mabergs,Boost National,SWE,2018
Nina Roth,Nina Roth (Skip),Boost National,USA,2018
Nina Roth,Tabitha Peterson,Boost National,USA,2018
Nina Roth,Becca Hamilton,Boost National,USA,2018
Nina Roth,Tara Peterson,Boost National,USA,2018
Sayaka Yoshimura,Sayaka Yoshimura (Skip),Boost National,JPN,2018
Sayaka Yoshimura,Kaho Onodera,Boost National,JPN,2018
Sayaka Yoshimura,Anna Ohmiya,Boost National,JPN,2018
Sayaka Yoshimura,Yumie Funayama,Boost National,JPN,2018
Chelsea Carey,Chelsea Carey (Skip),Boost National,CAN,2018
Chelsea Carey,Sarah Wilkes,Boost National,CAN,2018
Chelsea Carey,Dana Ferguson,Boost National,CAN,2018
Chelsea Carey,Rachel Brown,Boost National,CAN,2018
Satsuki Fujisawa,Satsuki Fujisawa (Skip),Boost National,JPN,2018
Satsuki Fujisawa,Chinami Yoshida,Boost National,JPN,2018
Satsuki Fujisawa,Yumi Suzuki,Boost National,JPN,2018
Satsuki Fujisawa,Yurika Yoshida,Boost National,JPN,2018
Eve Muirhead,Eve Muirhead (Skip),Boost National,SCO,2018
Eve Muirhead,Jennifer Dodds,Boost National,SCO,2018
Eve Muirhead,Vicki Chalmers,Boost National,SCO,2018
Eve Muirhead,Lauren Gray,Boost National,SCO,2018
Jacqueline Harrison,Jacqueline Harrison (Skip),Boost National,CAN,2018
Jacqueline Harrison,Clancy Grandy,Boost National,CAN,2018
Jacqueline Harrison,Lynn Kreviazuk,Boost National,CAN,2018
Jacqueline Harrison,Morgan Court,Boost National,CAN,2018
Silvana Tirinzoni,Alina Paetz,Boost National,SUI,2018
Silvana Tirinzoni,Silvana Tirinzoni (Skip),Boost National,SUI,2018
Silvana Tirinzoni,Esther Neuenschwander,Boost National,SUI,2018
Silvana Tirinzoni,Melanie Barbezat,Boost National,SUI,2018
Casey Scheidegger,Casey Scheidegger (Skip),Boost National,CAN,2018
Casey Scheidegger,Cary-Anne McTaggart,Boost National,CAN,2018
Casey Scheidegger,Jessie Haughian,Boost National,CAN,2018
Casey Scheidegger,Kristie Moore,Boost National,CAN,2018
Kerri Einarson,Kerri Einarson (Skip),Boost National,CAN,2018
Kerri Einarson,Val Sweeting,Boost National,CAN,2018
Kerri Einarson,Shannon Birchard,Boost National,CAN,2018
Kerri Einarson,Briane Meilleur,Boost National,CAN,2018
Brad Jacobs,Brad Jacobs (Skip),Boost National,CAN,2018
Brad Jacobs,E.J. Harnden,Boost National,CAN,2018
Brad Jacobs,Matt Wozniak,Boost National,CAN,2018
Brad Jacobs,Ryan Harnden,Boost National,CAN,2018
Yannick Schwaller,Yannick Schwaller (Skip),Boost National,SUI,2018
Yannick Schwaller,Michael Brunner,Boost National,SUI,2018
Yannick Schwaller,Romano Meier,Boost National,SUI,2018
Yannick Schwaller,Marcel Kaeufeler,Boost National,SUI,2018
Glenn Howard,Glenn Howard (Skip),Boost National,CAN,2018
Glenn Howard,Scott Howard (Skip),Boost National,CAN,2018
Glenn Howard,David Mathers,Boost National,CAN,2018
Glenn Howard,Tim March,Boost National,CAN,2018
Scott McDonald,Scott McDonald (Skip),Boost National,CAN,2018
Scott McDonald,Jonathan Beuk,Boost National,CAN,2018
Scott McDonald,Wesley Forget,Boost National,CAN,2018
Scott McDonald,Scott Chadwick,Boost National,CAN,2018
Peter De Cruz,Benoit Schwarz,Boost National,SUI,2018
Peter De Cruz,Sven Michel,Boost National,SUI,2018
Peter De Cruz,Peter De Cruz (Skip),Boost National,SUI,2018
Peter De Cruz,Valentin Tanner,Boost National,SUI,2018
Kevin Koe,Kevin Koe (Skip),Boost National,CAN,2018
Kevin Koe,B.J. Neufeld,Boost National,CAN,2018
Kevin Koe,Colton Flasch,Boost National,CAN,2018
Kevin Koe,Ben Hebert,Boost National,CAN,2018
John Epping,John Epping (Skip),Boost National,CAN,2018
John Epping,Mathew Camm,Boost National,CAN,2018
John Epping,Brent Laing,Boost National,CAN,2018
John Epping,Craig Savill,Boost National,CAN,2018
Brad Gushue,Brad Gushue (Skip),Boost National,CAN,2018
Brad Gushue,Mark Nichols,Boost National,CAN,2018
Brad Gushue,Brett Gallant,Boost National,CAN,2018
Brad Gushue,Geoff Walker,Boost National,CAN,2018
Niklas Edin,Niklas Edin (Skip),Boost National,SWE,2018
Niklas Edin,Oskar Eriksson,Boost National,SWE,2018
Niklas Edin,Rasmus Wrana,Boost National,SWE,2018
Niklas Edin,Christoffer Sundgren,Boost National,SWE,2018
Bruce Mouat,Bruce Mouat (Skip),Boost National,SCO,2018
Bruce Mouat,Grant Hardie,Boost National,SCO,2018
Bruce Mouat,Bobby Lammie,Boost National,SCO,2018
Bruce Mouat,Hammy McMillan Jr.,Boost National,SCO,2018
Jason Gunnlaugson,Jason Gunnlaugson (Skip),Boost National,CAN,2018
Jason Gunnlaugson,Alex Forrest,Boost National,CAN,2018
Jason Gunnlaugson,Denni Neufeld,Boost National,CAN,2018
Jason Gunnlaugson,Connor Njegovan,Boost National,CAN,2018
Ross Paterson,Ross Paterson (Skip),Boost National,SCO,2018
Ross Paterson,Kyle Waddell,Boost National,SCO,2018
Ross Paterson,Duncan Menzies,Boost National,SCO,2018
Ross Paterson,Michael Goodfellow,Boost National,SCO,2018
Braden Calvert,Braden Calvert (Skip),Boost National,CAN,2018
Braden Calvert,Kyle Kurz,Boost National,CAN,2018
Braden Calvert,Ian McMillan,Boost National,CAN,2018
Braden Calvert,Robbie Gordon,Boost National,CAN,2018
Kirk Muyres,Kirk Muyres (Skip),Boost National,CAN,2018
Kirk Muyres,Kevin Marsh,Boost National,CAN,2018
Kirk Muyres,Daniel Marsh,Boost National,CAN,2018
Kirk Muyres,Dallan Muyres (Skip),Boost National,CAN,2018
Rachel Homan,Rachel Homan (Skip),GSOC Tour Challenge Tier 1,CAN,2017
Rachel Homan,Emma Miskew,GSOC Tour Challenge Tier 1,CAN,2017
Rachel Homan,Joanne Courtney,GSOC Tour Challenge Tier 1,CAN,2017
Rachel Homan,Lisa Weagle,GSOC Tour Challenge Tier 1,CAN,2017
Tracy Fleury,Tracy Fleury (Skip),GSOC Tour Challenge Tier 1,CAN,2017
Tracy Fleury,Crystal Webster,GSOC Tour Challenge Tier 1,CAN,2017
Tracy Fleury,Jenna Enge,GSOC Tour Challenge Tier 1,CAN,2017
Tracy Fleury,Amanda Gates,GSOC Tour Challenge Tier 1,CAN,2017
Jennifer Jones,Jennifer Jones (Skip),GSOC Tour Challenge Tier 1,CAN,2017
Jennifer Jones,Kaitlyn Lawes,GSOC Tour Challenge Tier 1,CAN,2017
Jennifer Jones,Jill Officer,GSOC Tour Challenge Tier 1,CAN,2017
Jennifer Jones,Dawn McEwen,GSOC Tour Challenge Tier 1,CAN,2017
Allison Flaxey,Allison Flaxey (Skip),GSOC Tour Challenge Tier 1,CAN,2017
Allison Flaxey,Clancy Grandy,GSOC Tour Challenge Tier 1,CAN,2017
Allison Flaxey,Lynn Kreviazuk,GSOC Tour Challenge Tier 1,CAN,2017
Allison Flaxey,Morgan Court,GSOC Tour Challenge Tier 1,CAN,2017
Anna Hasselborg,Anna Hasselborg (Skip),GSOC Tour Challenge Tier 1,SWE,2017
Anna Hasselborg,Sara McManus,GSOC Tour Challenge Tier 1,SWE,2017
Anna Hasselborg,Agnes Knochenhauer,GSOC Tour Challenge Tier 1,SWE,2017
Anna Hasselborg,Sofia Mabergs,GSOC Tour Challenge Tier 1,SWE,2017
Eve Muirhead,Eve Muirhead (Skip),GSOC Tour Challenge Tier 1,SCO,2017
Eve Muirhead,Anna Sloan,GSOC Tour Challenge Tier 1,SCO,2017
Eve Muirhead,Vicki Chalmers,GSOC Tour Challenge Tier 1,SCO,2017
Eve Muirhead,Lauren Gray,GSOC Tour Challenge Tier 1,SCO,2017
Bingyu Wang,Bingyu Wang (Skip),GSOC Tour Challenge Tier 1,CHN,2017
Bingyu Wang,Yan Zhou,GSOC Tour Challenge Tier 1,CHN,2017
Bingyu Wang,Jinli Liu,GSOC Tour Challenge Tier 1,CHN,2017
Bingyu Wang,Jingyi Ma,GSOC Tour Challenge Tier 1,CHN,2017
Sherry Middaugh,Sherry Middaugh (Skip),GSOC Tour Challenge Tier 1,CAN,2017
Sherry Middaugh,Jo-Ann Rizzo,GSOC Tour Challenge Tier 1,CAN,2017
Sherry Middaugh,Lee Merklinger,GSOC Tour Challenge Tier 1,CAN,2017
Sherry Middaugh,Leigh Armstrong,GSOC Tour Challenge Tier 1,CAN,2017
Julie Tippin,Julie Tippin (Skip),GSOC Tour Challenge Tier 1,CAN,2017
Julie Tippin,Chantal Duhaime,GSOC Tour Challenge Tier 1,CAN,2017
Julie Tippin,Rachelle Strybosch,GSOC Tour Challenge Tier 1,CAN,2017
Julie Tippin,Tess Bobbie,GSOC Tour Challenge Tier 1,CAN,2017
Val Sweeting,Val Sweeting (Skip),GSOC Tour Challenge Tier 1,CAN,2017
Val Sweeting,Lori Olson-Johns,GSOC Tour Challenge Tier 1,CAN,2017
Val Sweeting,Dana Ferguson,GSOC Tour Challenge Tier 1,CAN,2017
Val Sweeting,Rachel Brown,GSOC Tour Challenge Tier 1,CAN,2017
Jacqueline Harrison,Jacqueline Harrison (Skip),GSOC Tour Challenge Tier 1,CAN,2017
Jacqueline Harrison,Janet Murphy,GSOC Tour Challenge Tier 1,CAN,2017
Jacqueline Harrison,Stephanie Matheson,GSOC Tour Challenge Tier 1,CAN,2017
Jacqueline Harrison,Nicole Westlund Stewart,GSOC Tour Challenge Tier 1,CAN,2017
Silvana Tirinzoni,Silvana Tirinzoni (Skip),GSOC Tour Challenge Tier 1,SUI,2017
Silvana Tirinzoni,Manuela Siegrist,GSOC Tour Challenge Tier 1,SUI,2017
Silvana Tirinzoni,Esther Neuenschwander,GSOC Tour Challenge Tier 1,SUI,2017
Silvana Tirinzoni,Marlene Albrecht,GSOC Tour Challenge Tier 1,SUI,2017
Alina Paetz,Alina Paetz (Skip),GSOC Tour Challenge Tier 1,SUI,2017
Alina Paetz,Nadine Lehmann,GSOC Tour Challenge Tier 1,SUI,2017
Alina Paetz,Marisa Winkelhausen,GSOC Tour Challenge Tier 1,SUI,2017
Alina Paetz,Nicole Schwaegli,GSOC Tour Challenge Tier 1,SUI,2017
Casey Scheidegger,Casey Scheidegger (Skip),GSOC Tour Challenge Tier 1,CAN,2017
Casey Scheidegger,Cary-Anne McTaggart,GSOC Tour Challenge Tier 1,CAN,2017
Casey Scheidegger,Jessie Haughian,GSOC Tour Challenge Tier 1,CAN,2017
Casey Scheidegger,Kristie Moore,GSOC Tour Challenge Tier 1,CAN,2017
Michelle Englot,Michelle Englot (Skip),GSOC Tour Challenge Tier 1,CAN,2017
Michelle Englot,Kate Cameron,GSOC Tour Challenge Tier 1,CAN,2017
Michelle Englot,Leslie Wilson-Westcott,GSOC Tour Challenge Tier 1,CAN,2017
Michelle Englot,Raunora Westcott,GSOC Tour Challenge Tier 1,CAN,2017
Brad Jacobs,Brad Jacobs (Skip),GSOC Tour Challenge Tier 1,CAN,2017
Brad Jacobs,Ryan Fry,GSOC Tour Challenge Tier 1,CAN,2017
Brad Jacobs,E.J. Harnden,GSOC Tour Challenge Tier 1,CAN,2017
Brad Jacobs,Ryan Harnden,GSOC Tour Challenge Tier 1,CAN,2017
Heath McCormick,Heath McCormick (Skip),GSOC Tour Challenge Tier 1,USA,2017
Heath McCormick,Christopher Plys,GSOC Tour Challenge Tier 1,USA,2017
Heath McCormick,Korey Dropkin,GSOC Tour Challenge Tier 1,USA,2017
Heath McCormick,Thomas Howell,GSOC Tour Challenge Tier 1,USA,2017
Glenn Howard,Glenn Howard (Skip),GSOC Tour Challenge Tier 1,CAN,2017
Glenn Howard,Glen Muirhead,GSOC Tour Challenge Tier 1,CAN,2017
Glenn Howard,David Mathers,GSOC Tour Challenge Tier 1,CAN,2017
Glenn Howard,Scott Howard (Skip),GSOC Tour Challenge Tier 1,CAN,2017
Kyle Smith,Kyle Smith (Skip),GSOC Tour Challenge Tier 1,SCO,2017
Kyle Smith,Thomas Muirhead,GSOC Tour Challenge Tier 1,SCO,2017
Kyle Smith,Kyle Waddell,GSOC Tour Challenge Tier 1,SCO,2017
Kyle Smith,Cameron Smith (Skip),GSOC Tour Challenge Tier 1,SCO,2017
Peter De Cruz,Benoit Schwarz,GSOC Tour Challenge Tier 1,SUI,2017
Peter De Cruz,Claudio Paetz,GSOC Tour Challenge Tier 1,SUI,2017
Peter De Cruz,Peter De Cruz (Skip),GSOC Tour Challenge Tier 1,SUI,2017
Peter De Cruz,Valentin Tanner,GSOC Tour Challenge Tier 1,SUI,2017
Kevin Koe,Kevin Koe (Skip),GSOC Tour Challenge Tier 1,CAN,2017
Kevin Koe,Marc Kennedy,GSOC Tour Challenge Tier 1,CAN,2017
Kevin Koe,Brent Laing,GSOC Tour Challenge Tier 1,CAN,2017
Kevin Koe,Ben Hebert,GSOC Tour Challenge Tier 1,CAN,2017
John Epping,John Epping (Skip),GSOC Tour Challenge Tier 1,CAN,2017
John Epping,Mathew Camm,GSOC Tour Challenge Tier 1,CAN,2017
John Epping,Patrick Janssen,GSOC Tour Challenge Tier 1,CAN,2017
John Epping,Tim March,GSOC Tour Challenge Tier 1,CAN,2017
John Morris,Jim Cotter,GSOC Tour Challenge Tier 1,CAN,2017
John Morris,John Morris (Skip),GSOC Tour Challenge Tier 1,CAN,2017
John Morris,Catlin Schneider,GSOC Tour Challenge Tier 1,CAN,2017
John Morris,Tyrel Griffith,GSOC Tour Challenge Tier 1,CAN,2017
Brad Gushue,Brad Gushue (Skip),GSOC Tour Challenge Tier 1,CAN,2017
Brad Gushue,Mark Nichols,GSOC Tour Challenge Tier 1,CAN,2017
Brad Gushue,Brett Gallant,GSOC Tour Challenge Tier 1,CAN,2017
Brad Gushue,Geoff Walker,GSOC Tour Challenge Tier 1,CAN,2017
Niklas Edin,Niklas Edin (Skip),GSOC Tour Challenge Tier 1,SWE,2017
Niklas Edin,Oskar Eriksson,GSOC Tour Challenge Tier 1,SWE,2017
Niklas Edin,Rasmus Wrana,GSOC Tour Challenge Tier 1,SWE,2017
Niklas Edin,Christoffer Sundgren,GSOC Tour Challenge Tier 1,SWE,2017
Pat Simmons,Pat Simmons (Skip),GSOC Tour Challenge Tier 1,CAN,2017
Pat Simmons,Colton Lott,GSOC Tour Challenge Tier 1,CAN,2017
Pat Simmons,Kyle Doering,GSOC Tour Challenge Tier 1,CAN,2017
Pat Simmons,Robbie Gordon,GSOC Tour Challenge Tier 1,CAN,2017
Reid Carruthers,Reid Carruthers (Skip),GSOC Tour Challenge Tier 1,CAN,2017
Reid Carruthers,Braeden Moskowy,GSOC Tour Challenge Tier 1,CAN,2017
Reid Carruthers,Derek Samagalski,GSOC Tour Challenge Tier 1,CAN,2017
Reid Carruthers,Colin Hodgson,GSOC Tour Challenge Tier 1,CAN,2017
Steve Laycock,Steve Laycock (Skip),GSOC Tour Challenge Tier 1,CAN,2017
Steve Laycock,Kirk Muyres,GSOC Tour Challenge Tier 1,CAN,2017
Steve Laycock,Matt Dunstone,GSOC Tour Challenge Tier 1,CAN,2017
Steve Laycock,Dallan Muyres,GSOC Tour Challenge Tier 1,CAN,2017
Steffen Walstad,Steffen Walstad (Skip),GSOC Tour Challenge Tier 1,NOR,2017
Steffen Walstad,Markus Hoiberg,GSOC Tour Challenge Tier 1,NOR,2017
Steffen Walstad,Magnus Nedregotten,GSOC Tour Challenge Tier 1,NOR,2017
Steffen Walstad,Magnus Vaagberg,GSOC Tour Challenge Tier 1,NOR,2017
John Shuster,John Shuster (Skip),GSOC Tour Challenge Tier 1,USA,2017
John Shuster,Tyler George,GSOC Tour Challenge Tier 1,USA,2017
John Shuster,Matt Hamilton,GSOC Tour Challenge Tier 1,USA,2017
John Shuster,John Landsteiner,GSOC Tour Challenge Tier 1,USA,2017
Rachel Homan,Rachel Homan (Skip),Masters of Curling,CAN,2017
Rachel Homan,Emma Miskew,Masters of Curling,CAN,2017
Rachel Homan,Joanne Courtney,Masters of Curling,CAN,2017
Rachel Homan,Lisa Weagle,Masters of Curling,CAN,2017
Jennifer Jones,Jennifer Jones (Skip),Masters of Curling,CAN,2017
Jennifer Jones,Kaitlyn Lawes,Masters of Curling,CAN,2017
Jennifer Jones,Jill Officer,Masters of Curling,CAN,2017
Jennifer Jones,Dawn McEwen,Masters of Curling,CAN,2017
Jamie Sinclair,Jamie Sinclair (Skip),Masters of Curling,USA,2017
Jamie Sinclair,Alexandra Carlson,Masters of Curling,USA,2017
Jamie Sinclair,Vicky Persinger,Masters of Curling,USA,2017
Jamie Sinclair,Monica Walker,Masters of Curling,USA,2017
Silvana Tirinzoni,Silvana Tirinzoni (Skip),Masters of Curling,SUI,2017
Silvana Tirinzoni,Manuela Siegrist,Masters of Curling,SUI,2017
Silvana Tirinzoni,Esther Neuenschwander,Masters of Curling,SUI,2017
Silvana Tirinzoni,Marlene Albrecht,Masters of Curling,SUI,2017
Allison Flaxey,Allison Flaxey (Skip),Masters of Curling,CAN,2017
Allison Flaxey,Clancy Grandy,Masters of Curling,CAN,2017
Allison Flaxey,Lynn Kreviazuk,Masters of Curling,CAN,2017
Allison Flaxey,Morgan Court,Masters of Curling,CAN,2017
Anna Hasselborg,Anna Hasselborg (Skip),Masters of Curling,SWE,2017
Anna Hasselborg,Sara McManus,Masters of Curling,SWE,2017
Anna Hasselborg,Agnes Knochenhauer,Masters of Curling,SWE,2017
Anna Hasselborg,Sofia Mabergs,Masters of Curling,SWE,2017
Eve Muirhead,Eve Muirhead (Skip),Masters of Curling,SCO,2017
Eve Muirhead,Anna Sloan,Masters of Curling,SCO,2017
Eve Muirhead,Vicki Chalmers,Masters of Curling,SCO,2017
Eve Muirhead,Lauren Gray,Masters of Curling,SCO,2017
Anna Sidorova,Anna Sidorova (Skip),Masters of Curling,RUS,2017
Anna Sidorova,Margarita Fomina,Masters of Curling,RUS,2017
Anna Sidorova,Aleksandra Raeva,Masters of Curling,RUS,2017
Anna Sidorova,Nkeiruka Ezekh,Masters of Curling,RUS,2017
Sherry Middaugh,Sherry Middaugh (Skip),Masters of Curling,CAN,2017
Sherry Middaugh,Jo-Ann Rizzo,Masters of Curling,CAN,2017
Sherry Middaugh,Kimberly Tuck,Masters of Curling,CAN,2017
Sherry Middaugh,Leigh Armstrong,Masters of Curling,CAN,2017
Val Sweeting,Val Sweeting (Skip),Masters of Curling,CAN,2017
Val Sweeting,Lori Olson-Johns,Masters of Curling,CAN,2017
Val Sweeting,Dana Ferguson,Masters of Curling,CAN,2017
Val Sweeting,Rachel Brown,Masters of Curling,CAN,2017
Jacqueline Harrison,Jacqueline Harrison (Skip),Masters of Curling,CAN,2017
Jacqueline Harrison,Janet Murphy,Masters of Curling,CAN,2017
Jacqueline Harrison,Stephanie Matheson,Masters of Curling,CAN,2017
Jacqueline Harrison,Melissa Foster,Masters of Curling,CAN,2017
Kerri Einarson,Kerri Einarson (Skip),Masters of Curling,CAN,2017
Kerri Einarson,Selena Njegovan,Masters of Curling,CAN,2017
Kerri Einarson,Liz Fyfe,Masters of Curling,CAN,2017
Kerri Einarson,Kristin MacCuish,Masters of Curling,CAN,2017
Alina Paetz,Alina Paetz (Skip),Masters of Curling,SUI,2017
Alina Paetz,Nadine Lehmann,Masters of Curling,SUI,2017
Alina Paetz,Marisa Winkelhausen,Masters of Curling,SUI,2017
Alina Paetz,Nicole Schwaegli,Masters of Curling,SUI,2017
Casey Scheidegger,Casey Scheidegger (Skip),Masters of Curling,CAN,2017
Casey Scheidegger,Cary-Anne McTaggart,Masters of Curling,CAN,2017
Casey Scheidegger,Jessie Haughian,Masters of Curling,CAN,2017
Casey Scheidegger,Kristie Moore,Masters of Curling,CAN,2017
Michelle Englot,Michelle Englot (Skip),Masters of Curling,CAN,2017
Michelle Englot,Kate Cameron,Masters of Curling,CAN,2017
Michelle Englot,Leslie Wilson-Westcott,Masters of Curling,CAN,2017
Michelle Englot,Raunora Westcott,Masters of Curling,CAN,2017
Brad Jacobs,Brad Jacobs (Skip),Masters of Curling,CAN,2017
Brad Jacobs,Ryan Fry,Masters of Curling,CAN,2017
Brad Jacobs,E.J. Harnden,Masters of Curling,CAN,2017
Brad Jacobs,Ryan Harnden,Masters of Curling,CAN,2017
Mike McEwen,Mike McEwen (Skip),Masters of Curling,CAN,2017
Mike McEwen,B.J. Neufeld,Masters of Curling,CAN,2017
Mike McEwen,Matt Wozniak,Masters of Curling,CAN,2017
Mike McEwen,Denni Neufeld,Masters of Curling,CAN,2017
Thomas Ulsrud,Thomas Ulsrud (Skip),Masters of Curling,NOR,2017
Thomas Ulsrud,Torger Nergaard,Masters of Curling,NOR,2017
Thomas Ulsrud,Christoffer Svae,Masters of Curling,NOR,2017
Thomas Ulsrud,Haavard Vad Petersson,Masters of Curling,NOR,2017
Kyle Smith,Kyle Smith (Skip),Masters of Curling,SCO,2017
Kyle Smith,Thomas Muirhead,Masters of Curling,SCO,2017
Kyle Smith,Kyle Waddell,Masters of Curling,SCO,2017
Kyle Smith,Cammy Smith (Skip),Masters of Curling,SCO,2017
Peter De Cruz,Benoit Schwarz,Masters of Curling,SUI,2017
Peter De Cruz,Claudio Paetz,Masters of Curling,SUI,2017
Peter De Cruz,Peter De Cruz (Skip),Masters of Curling,SUI,2017
Peter De Cruz,Valentin Tanner,Masters of Curling,SUI,2017
Kevin Koe,Kevin Koe (Skip),Masters of Curling,CAN,2017
Kevin Koe,Marc Kennedy,Masters of Curling,CAN,2017
Kevin Koe,Brent Laing,Masters of Curling,CAN,2017
Kevin Koe,Ben Hebert,Masters of Curling,CAN,2017
John Epping,John Epping (Skip),Masters of Curling,CAN,2017
John Epping,Mathew Camm,Masters of Curling,CAN,2017
John Epping,Patrick Janssen,Masters of Curling,CAN,2017
John Epping,Tim March,Masters of Curling,CAN,2017
John Morris,Jim Cotter,Masters of Curling,CAN,2017
John Morris,John Morris (Skip),Masters of Curling,CAN,2017
John Morris,Catlin Schneider,Masters of Curling,CAN,2017
John Morris,Tyrel Griffith,Masters of Curling,CAN,2017
Brad Gushue,Brad Gushue (Skip),Masters of Curling,CAN,2017
Brad Gushue,Mark Nichols,Masters of Curling,CAN,2017
Brad Gushue,Brett Gallant,Masters of Curling,CAN,2017
Brad Gushue,Geoff Walker,Masters of Curling,CAN,2017
Niklas Edin,Niklas Edin (Skip),Masters of Curling,SWE,2017
Niklas Edin,Oskar Eriksson,Masters of Curling,SWE,2017
Niklas Edin,Rasmus Wrana,Masters of Curling,SWE,2017
Niklas Edin,Christoffer Sundgren,Masters of Curling,SWE,2017
Pat Simmons,Pat Simmons (Skip),Masters of Curling,CAN,2017
Pat Simmons,Colton Lott,Masters of Curling,CAN,2017
Pat Simmons,Kyle Doering,Masters of Curling,CAN,2017
Pat Simmons,Robbie Gordon,Masters of Curling,CAN,2017
Jason Gunnlaugson,Jason Gunnlaugson (Skip),Masters of Curling,CAN,2017
Jason Gunnlaugson,Alex Forrest,Masters of Curling,CAN,2017
Jason Gunnlaugson,Ian McMillan,Masters of Curling,CAN,2017
Jason Gunnlaugson,Connor Njegovan,Masters of Curling,CAN,2017
Reid Carruthers,Reid Carruthers (Skip),Masters of Curling,CAN,2017
Reid Carruthers,Braeden Moskowy,Masters of Curling,CAN,2017
Reid Carruthers,Derek Samagalski,Masters of Curling,CAN,2017
Reid Carruthers,Colin Hodgson,Masters of Curling,CAN,2017
Steve Laycock,Steve Laycock (Skip),Masters of Curling,CAN,2017
Steve Laycock,Kirk Muyres,Masters of Curling,CAN,2017
Steve Laycock,Matt Dunstone,Masters of Curling,CAN,2017
Steve Laycock,Dallan Muyres,Masters of Curling,CAN,2017
John Shuster,John Shuster (Skip),Masters of Curling,USA,2017
John Shuster,Tyler George,Masters of Curling,USA,2017
John Shuster,Matt Hamilton,Masters of Curling,USA,2017
John Shuster,John Landsteiner,Masters of Curling,USA,2017
Rachel Homan,Rachel Homan (Skip),Boost National,CAN,2017
Rachel Homan,Emma Miskew,Boost National,CAN,2017
Rachel Homan,Joanne Courtney,Boost National,CAN,2017
Rachel Homan,Lisa Weagle,Boost National,CAN,2017
Tracy Fleury,Tracy Fleury (Skip),Boost National,CAN,2017
Tracy Fleury,Crystal Webster,Boost National,CAN,2017
Tracy Fleury,Jennifer Wylie,Boost National,CAN,2017
Tracy Fleury,Amanda Gates,Boost National,CAN,2017
Jennifer Jones,Jennifer Jones (Skip),Boost National,CAN,2017
Jennifer Jones,Kaitlyn Lawes,Boost National,CAN,2017
Jennifer Jones,Jill Officer,Boost National,CAN,2017
Jennifer Jones,Dawn McEwen,Boost National,CAN,2017
Allison Flaxey,Allison Flaxey (Skip),Boost National,CAN,2017
Allison Flaxey,Clancy Grandy,Boost National,CAN,2017
Allison Flaxey,Lynn Kreviazuk,Boost National,CAN,2017
Allison Flaxey,Morgan Court,Boost National,CAN,2017
Kelsey Rocque,Kelsey Rocque (Skip),Boost National,CAN,2017
Kelsey Rocque,Laura Walker,Boost National,CAN,2017
Kelsey Rocque,Taylor McDonald,Boost National,CAN,2017
Kelsey Rocque,Jen Gates,Boost National,CAN,2017
Bingyu Wang,Bingyu Wang (Skip),Boost National,CHN,2017
Bingyu Wang,Yan Zhou,Boost National,CHN,2017
Bingyu Wang,Jinli Liu,Boost National,CHN,2017
Bingyu Wang,Jingyi Ma,Boost National,CHN,2017
Chelsea Carey,Chelsea Carey (Skip),Boost National,CAN,2017
Chelsea Carey,Cathy Overton-Clapham,Boost National,CAN,2017
Chelsea Carey,Jocelyn Peterman,Boost National,CAN,2017
Chelsea Carey,Laine Peters,Boost National,CAN,2017
Alina Paetz,Alina Paetz (Skip),Boost National,SUI,2017
Alina Paetz,Nadine Lehmann,Boost National,SUI,2017
Alina Paetz,Marisa Winkelhausen,Boost National,SUI,2017
Alina Paetz,Nicole Schwaegli,Boost National,SUI,2017
Casey Scheidegger,Casey Scheidegger (Skip),Boost National,CAN,2017
Casey Scheidegger,Cary-Anne McTaggart,Boost National,CAN,2017
Casey Scheidegger,Jessie Scheidegger (Skip),Boost National,CAN,2017
Casey Scheidegger,Kristie Moore,Boost National,CAN,2017
Julie Tippin,Julie Tippin (Skip),Boost National,CAN,2017
Julie Tippin,Chantal Duhaime,Boost National,CAN,2017
Julie Tippin,Rachelle Strybosch,Boost National,CAN,2017
Julie Tippin,Tess Bobbie,Boost National,CAN,2017
Val Sweeting,Val Sweeting (Skip),Boost National,CAN,2017
Val Sweeting,Lori Olson-Johns,Boost National,CAN,2017
Val Sweeting,Dana Ferguson,Boost National,CAN,2017
Val Sweeting,Rachel Brown,Boost National,CAN,2017
Jacqueline Harrison,Jacqueline Harrison (Skip),Boost National,CAN,2017
Jacqueline Harrison,Janet Murphy,Boost National,CAN,2017
Jacqueline Harrison,Jestyn Murphy,Boost National,CAN,2017
Jacqueline Harrison,Melissa Foster,Boost National,CAN,2017
Binia Feltscher,Binia Feltscher (Skip),Boost National,SUI,2017
Binia Feltscher,Irene Schori,Boost National,SUI,2017
Binia Feltscher,Franziska Kaufmann,Boost National,SUI,2017
Binia Feltscher,Carole Howald,Boost National,SUI,2017
Kerri Einarson,Kerri Einarson (Skip),Boost National,CAN,2017
Kerri Einarson,Selena Njegovan,Boost National,CAN,2017
Kerri Einarson,Liz Fyfe,Boost National,CAN,2017
Kerri Einarson,Kristin MacCuish,Boost National,CAN,2017
Michelle Englot,Michelle Englot (Skip),Boost National,CAN,2017
Michelle Englot,Kate Cameron,Boost National,CAN,2017
Michelle Englot,Leslie Wilson-Westcott,Boost National,CAN,2017
Michelle Englot,Raunora Westcott,Boost National,CAN,2017
Brad Jacobs,Brad Jacobs (Skip),Boost National,CAN,2017
Brad Jacobs,Ryan Fry,Boost National,CAN,2017
Brad Jacobs,E.J. Harnden,Boost National,CAN,2017
Brad Jacobs,Ryan Harnden,Boost National,CAN,2017
Bruce Mouat,Bruce Mouat (Skip),Boost National,SCO,2017
Bruce Mouat,Grant Hardie,Boost National,SCO,2017
Bruce Mouat,Bobby Lammie,Boost National,SCO,2017
Bruce Mouat,Hammy McMillan Jr.,Boost National,SCO,2017
Rui Liu,Rui Liu (Skip),Boost National,CHN,2017
Rui Liu,Xiao Ming Xu,Boost National,CHN,2017
Rui Liu,Dongxu Jiang,Boost National,CHN,2017
Rui Liu,Jia Liang Zang,Boost National,CHN,2017
Greg Balsdon,Greg Balsdon (Skip),Boost National,CAN,2017
Greg Balsdon,Don Bowser,Boost National,CAN,2017
Greg Balsdon,Jonathan Beuk,Boost National,CAN,2017
Greg Balsdon,Scott Chadwick,Boost National,CAN,2017
William Lyburn,William Lyburn (Skip),Boost National,CAN,2017
William Lyburn,Mark Kean,Boost National,CAN,2017
William Lyburn,Jared Kolomaya,Boost National,CAN,2017
William Lyburn,Braden Zawada,Boost National,CAN,2017
Mike McEwen,Mike McEwen (Skip),Boost National,CAN,2017
Mike McEwen,B.J. Neufeld,Boost National,CAN,2017
Mike McEwen,Matt Wozniak,Boost National,CAN,2017
Mike McEwen,Denni Neufeld,Boost National,CAN,2017
Kevin Koe,Kevin Koe (Skip),Boost National,CAN,2017
Kevin Koe,Marc Kennedy,Boost National,CAN,2017
Kevin Koe,Brent Laing,Boost National,CAN,2017
Kevin Koe,Ben Hebert,Boost National,CAN,2017
John Epping,John Epping (Skip),Boost National,CAN,2017
John Epping,Mathew Camm,Boost National,CAN,2017
John Epping,Patrick Janssen,Boost National,CAN,2017
John Epping,Tim March,Boost National,CAN,2017
Greg Drummond,Ross Paterson,Boost National,SCO,2017
Greg Drummond,Greg Drummond (Skip),Boost National,SCO,2017
Greg Drummond,Gregor Cannon,Boost National,SCO,2017
Greg Drummond,Michael Goodfellow,Boost National,SCO,2017
Brad Gushue,Brad Gushue (Skip),Boost National,CAN,2017
Brad Gushue,Mark Nichols,Boost National,CAN,2017
Brad Gushue,Brett Gallant,Boost National,CAN,2017
Brad Gushue,Geoff Walker,Boost National,CAN,2017
John Morris,John Morris (Skip),Boost National,CAN,2017
John Morris,Jim Cotter,Boost National,CAN,2017
John Morris,Catlin Schneider,Boost National,CAN,2017
John Morris,Tyrel Griffith,Boost National,CAN,2017
Pat Simmons,Pat Simmons (Skip),Boost National,CAN,2017
Pat Simmons,Colton Lott,Boost National,CAN,2017
Pat Simmons,Kyle Doering,Boost National,CAN,2017
Pat Simmons,Robbie Gordon,Boost National,CAN,2017
Jason Gunnlaugson,Jason Gunnlaugson (Skip),Boost National,CAN,2017
Jason Gunnlaugson,Alex Forrest,Boost National,CAN,2017
Jason Gunnlaugson,Ian McMillan,Boost National,CAN,2017
Jason Gunnlaugson,Connor Njegovan,Boost National,CAN,2017
Reid Carruthers,Reid Carruthers (Skip),Boost National,CAN,2017
Reid Carruthers,Braeden Moskowy,Boost National,CAN,2017
Reid Carruthers,Derek Samagalski,Boost National,CAN,2017
Reid Carruthers,Colin Hodgson,Boost National,CAN,2017
Chang-Min Kim,Chang-Min Kim (Skip),Boost National,KOR,2017
Chang-Min Kim,Se Hyeon Seong,Boost National,KOR,2017
Chang-Min Kim,Eun Soo Oh,Boost National,KOR,2017
Chang-Min Kim,Ki Bok Lee,Boost National,KOR,2017
Rachel Homan,Rachel Homan (Skip),Meridian Canadian Open,CAN,2017
Rachel Homan,Emma Miskew,Meridian Canadian Open,CAN,2017
Rachel Homan,Joanne Courtney,Meridian Canadian Open,CAN,2017
Rachel Homan,Lisa Weagle,Meridian Canadian Open,CAN,2017
Jennifer Jones,Jennifer Jones (Skip),Meridian Canadian Open,CAN,2017
Jennifer Jones,Kaitlyn Lawes,Meridian Canadian Open,CAN,2017
Jennifer Jones,Jill Officer,Meridian Canadian Open,CAN,2017
Jennifer Jones,Dawn McEwen,Meridian Canadian Open,CAN,2017
Jamie Sinclair,Jamie Sinclair (Skip),Meridian Canadian Open,USA,2017
Jamie Sinclair,Alexandra Carlson,Meridian Canadian Open,USA,2017
Jamie Sinclair,Vicky Persinger,Meridian Canadian Open,USA,2017
Jamie Sinclair,Monica Walker,Meridian Canadian Open,USA,2017
Silvana Tirinzoni,Silvana Tirinzoni (Skip),Meridian Canadian Open,SUI,2017
Silvana Tirinzoni,Esther Neuenschwander,Meridian Canadian Open,SUI,2017
Silvana Tirinzoni,Manuela Siegrist,Meridian Canadian Open,SUI,2017
Silvana Tirinzoni,Marlene Albrecht,Meridian Canadian Open,SUI,2017
Allison Flaxey,Allison Flaxey (Skip),Meridian Canadian Open,CAN,2017
Allison Flaxey,Clancy Grandy,Meridian Canadian Open,CAN,2017
Allison Flaxey,Lynn Kreviazuk,Meridian Canadian Open,CAN,2017
Allison Flaxey,Morgan Court,Meridian Canadian Open,CAN,2017
Anna Hasselborg,Anna Hasselborg (Skip),Meridian Canadian Open,SWE,2017
Anna Hasselborg,Sara McManus,Meridian Canadian Open,SWE,2017
Anna Hasselborg,Agnes Knochenhauer,Meridian Canadian Open,SWE,2017
Anna Hasselborg,Sofia Mabergs,Meridian Canadian Open,SWE,2017
Casey Scheidegger,Casey Scheidegger (Skip),Meridian Canadian Open,CAN,2017
Casey Scheidegger,Cary-Anne McTaggart,Meridian Canadian Open,CAN,2017
Casey Scheidegger,Jessie Scheidegger (Skip),Meridian Canadian Open,CAN,2017
Casey Scheidegger,Kristie Moore,Meridian Canadian Open,CAN,2017
Chelsea Carey,Chelsea Carey (Skip),Meridian Canadian Open,CAN,2017
Chelsea Carey,Cathy Overton-Clapham,Meridian Canadian Open,CAN,2017
Chelsea Carey,Jocelyn Peterman,Meridian Canadian Open,CAN,2017
Chelsea Carey,Laine Peters,Meridian Canadian Open,CAN,2017
Nina Roth,Nina Roth (Skip),Meridian Canadian Open,USA,2017
Nina Roth,Tabitha Peterson,Meridian Canadian Open,USA,2017
Nina Roth,Aileen Geving,Meridian Canadian Open,USA,2017
Nina Roth,Becca Hamilton,Meridian Canadian Open,USA,2017
Val Sweeting,Val Sweeting (Skip),Meridian Canadian Open,CAN,2017
Val Sweeting,Lori Olson-Johns,Meridian Canadian Open,CAN,2017
Val Sweeting,Dana Ferguson,Meridian Canadian Open,CAN,2017
Val Sweeting,Rachel Brown,Meridian Canadian Open,CAN,2017
EunJung Kim,EunJung Kim (Skip),Meridian Canadian Open,KOR,2017
EunJung Kim,KyeongAe Kim (Skip),Meridian Canadian Open,KOR,2017
EunJung Kim,SeonYeong Kim (Skip),Meridian Canadian Open,KOR,2017
EunJung Kim,YeongMi Kim (Skip),Meridian Canadian Open,KOR,2017
Darcy Robertson,Darcy Robertson (Skip),Meridian Canadian Open,CAN,2017
Darcy Robertson,Karen Klein,Meridian Canadian Open,CAN,2017
Darcy Robertson,Vanessa Foster,Meridian Canadian Open,CAN,2017
Darcy Robertson,Theresa Cannon,Meridian Canadian Open,CAN,2017
Kerri Einarson,Kerri Einarson (Skip),Meridian Canadian Open,CAN,2017
Kerri Einarson,Selena Kaatz,Meridian Canadian Open,CAN,2017
Kerri Einarson,Liz Fyfe,Meridian Canadian Open,CAN,2017
Kerri Einarson,Kristin MacCuish,Meridian Canadian Open,CAN,2017
Alina Paetz,Alina Paetz (Skip),Meridian Canadian Open,SUI,2017
Alina Paetz,Nadine Lehmann,Meridian Canadian Open,SUI,2017
Alina Paetz,Marisa Winkelhausen,Meridian Canadian Open,SUI,2017
Alina Paetz,Nicole Schwaegli,Meridian Canadian Open,SUI,2017
Michelle Englot,Michelle Englot (Skip),Meridian Canadian Open,CAN,2017
Michelle Englot,Kate Cameron,Meridian Canadian Open,CAN,2017
Michelle Englot,Leslie Wilson-Westcott,Meridian Canadian Open,CAN,2017
Michelle Englot,Raunora Westcott,Meridian Canadian Open,CAN,2017
Brad Jacobs,Brad Jacobs (Skip),Meridian Canadian Open,CAN,2017
Brad Jacobs,Ryan Fry,Meridian Canadian Open,CAN,2017
Brad Jacobs,E.J. Harnden,Meridian Canadian Open,CAN,2017
Brad Jacobs,Ryan Harnden,Meridian Canadian Open,CAN,2017
Mike McEwen,Mike McEwen (Skip),Meridian Canadian Open,CAN,2017
Mike McEwen,B.J. Neufeld,Meridian Canadian Open,CAN,2017
Mike McEwen,Matt Wozniak,Meridian Canadian Open,CAN,2017
Mike McEwen,Denni Neufeld,Meridian Canadian Open,CAN,2017
Rui Liu,Rui Liu (Skip),Meridian Canadian Open,CHN,2017
Rui Liu,Xiao Ming Xu,Meridian Canadian Open,CHN,2017
Rui Liu,Dongxu Jiang,Meridian Canadian Open,CHN,2017
Rui Liu,Jia Liang Zang,Meridian Canadian Open,CHN,2017
Peter De Cruz,Benoit Schwarz,Meridian Canadian Open,SUI,2017
Peter De Cruz,Claudio Paetz,Meridian Canadian Open,SUI,2017
Peter De Cruz,Peter De Cruz (Skip),Meridian Canadian Open,SUI,2017
Peter De Cruz,Valentin Tanner,Meridian Canadian Open,SUI,2017
Kevin Koe,Kevin Koe (Skip),Meridian Canadian Open,CAN,2017
Kevin Koe,Marc Kennedy,Meridian Canadian Open,CAN,2017
Kevin Koe,Brent Laing,Meridian Canadian Open,CAN,2017
Kevin Koe,Ben Hebert,Meridian Canadian Open,CAN,2017
John Epping,John Epping (Skip),Meridian Canadian Open,CAN,2017
John Epping,Mathew Camm,Meridian Canadian Open,CAN,2017
John Epping,Patrick Janssen,Meridian Canadian Open,CAN,2017
John Epping,Tim March,Meridian Canadian Open,CAN,2017
John Morris,Matt Dunstone,Meridian Canadian Open,CAN,2017
John Morris,John Morris (Skip),Meridian Canadian Open,CAN,2017
John Morris,Catlin Schneider,Meridian Canadian Open,CAN,2017
John Morris,Don Bartlett,Meridian Canadian Open,CAN,2017
Brad Gushue,Brad Gushue (Skip),Meridian Canadian Open,CAN,2017
Brad Gushue,Mark Nichols,Meridian Canadian Open,CAN,2017
Brad Gushue,Brett Gallant,Meridian Canadian Open,CAN,2017
Brad Gushue,Geoff Walker,Meridian Canadian Open,CAN,2017
Niklas Edin,Niklas Edin (Skip),Meridian Canadian Open,SWE,2017
Niklas Edin,Oskar Eriksson,Meridian Canadian Open,SWE,2017
Niklas Edin,Rasmus Wrana,Meridian Canadian Open,SWE,2017
Niklas Edin,Christoffer Sundgren,Meridian Canadian Open,SWE,2017
Bruce Mouat,Bruce Mouat (Skip),Meridian Canadian Open,SCO,2017
Bruce Mouat,Grant Hardie,Meridian Canadian Open,SCO,2017
Bruce Mouat,Bobby Lammie,Meridian Canadian Open,SCO,2017
Bruce Mouat,Hammy McMillan Jr.,Meridian Canadian Open,SCO,2017
Jason Gunnlaugson,Jason Gunnlaugson (Skip),Meridian Canadian Open,CAN,2017
Jason Gunnlaugson,Alex Forrest,Meridian Canadian Open,CAN,2017
Jason Gunnlaugson,Ian McMillan,Meridian Canadian Open,CAN,2017
Jason Gunnlaugson,Connor Njegovan,Meridian Canadian Open,CAN,2017
Reid Carruthers,Reid Carruthers (Skip),Meridian Canadian Open,CAN,2017
Reid Carruthers,Braeden Moskowy,Meridian Canadian Open,CAN,2017
Reid Carruthers,Derek Samagalski,Meridian Canadian Open,CAN,2017
Reid Carruthers,Colin Hodgson,Meridian Canadian Open,CAN,2017
Chang-Min Kim,Chang-Min Kim (Skip),Meridian Canadian Open,KOR,2017
Chang-Min Kim,Se Hyeon Seong,Meridian Canadian Open,KOR,2017
Chang-Min Kim,Eun Soo Oh,Meridian Canadian Open,KOR,2017
Chang-Min Kim,Ki Bok Lee,Meridian Canadian Open,KOR,2017
Thomas Ulsrud,Thomas Ulsrud (Skip),Meridian Canadian Open,NOR,2017
Thomas Ulsrud,Torger Nergaard,Meridian Canadian Open,NOR,2017
Thomas Ulsrud,Christoffer Svae,Meridian Canadian Open,NOR,2017
Thomas Ulsrud,Haavard Vad Petersson,Meridian Canadian Open,NOR,2017
John Shuster,John Shuster (Skip),Meridian Canadian Open,USA,2017
John Shuster,Tyler George,Meridian Canadian Open,USA,2017
John Shuster,Matt Hamilton,Meridian Canadian Open,USA,2017
John Shuster,John Landsteiner,Meridian Canadian Open,USA,2017
Brad Jacobs,Brad Jacobs (Skip),Princess Auto Elite 10,CAN,2017
Brad Jacobs,Ryan Fry,Princess Auto Elite 10,CAN,2017
Brad Jacobs,E.J. Harnden,Princess Auto Elite 10,CAN,2017
Brad Jacobs,Ryan Harnden,Princess Auto Elite 10,CAN,2017
Glenn Howard,Glenn Howard (Skip),Princess Auto Elite 10,CAN,2017
Glenn Howard,Adam Spencer,Princess Auto Elite 10,CAN,2017
Glenn Howard,David Mathers,Princess Auto Elite 10,CAN,2017
Glenn Howard,Scott Howard (Skip),Princess Auto Elite 10,CAN,2017
Mike McEwen,Mike McEwen (Skip),Princess Auto Elite 10,CAN,2017
Mike McEwen,B.J. Neufeld,Princess Auto Elite 10,CAN,2017
Mike McEwen,Matt Wozniak,Princess Auto Elite 10,CAN,2017
Mike McEwen,Denni Neufeld,Princess Auto Elite 10,CAN,2017
Kevin Koe,Kevin Koe (Skip),Princess Auto Elite 10,CAN,2017
Kevin Koe,Marc Kennedy,Princess Auto Elite 10,CAN,2017
Kevin Koe,Brent Laing,Princess Auto Elite 10,CAN,2017
Kevin Koe,Ben Hebert,Princess Auto Elite 10,CAN,2017
John Epping,John Epping (Skip),Princess Auto Elite 10,CAN,2017
John Epping,Mathew Camm,Princess Auto Elite 10,CAN,2017
John Epping,Patrick Janssen,Princess Auto Elite 10,CAN,2017
John Epping,Tim March,Princess Auto Elite 10,CAN,2017
Brad Gushue,Brad Gushue (Skip),Princess Auto Elite 10,CAN,2017
Brad Gushue,Mark Nichols,Princess Auto Elite 10,CAN,2017
Brad Gushue,Brett Gallant,Princess Auto Elite 10,CAN,2017
Brad Gushue,Geoff Walker,Princess Auto Elite 10,CAN,2017
Niklas Edin,Niklas Edin (Skip),Princess Auto Elite 10,SWE,2017
Niklas Edin,Oskar Eriksson,Princess Auto Elite 10,SWE,2017
Niklas Edin,Rasmus Wrana,Princess Auto Elite 10,SWE,2017
Niklas Edin,Christoffer Sundgren,Princess Auto Elite 10,SWE,2017
Jason Gunnlaugson,Jason Gunnlaugson (Skip),Princess Auto Elite 10,CAN,2017
Jason Gunnlaugson,Alex Forrest,Princess Auto Elite 10,CAN,2017
Jason Gunnlaugson,Ian McMillan,Princess Auto Elite 10,CAN,2017
Jason Gunnlaugson,Connor Njegovan,Princess Auto Elite 10,CAN,2017
Reid Carruthers,Reid Carruthers (Skip),Princess Auto Elite 10,CAN,2017
Reid Carruthers,Jeff Stoughton,Princess Auto Elite 10,CAN,2017
Reid Carruthers,Derek Samagalski,Princess Auto Elite 10,CAN,2017
Reid Carruthers,Colin Hodgson,Princess Auto Elite 10,CAN,2017
John Shuster,John Shuster (Skip),Princess Auto Elite 10,USA,2017
John Shuster,Tyler George,Princess Auto Elite 10,USA,2017
John Shuster,Matt Hamilton,Princess Auto Elite 10,USA,2017
John Shuster,John Landsteiner,Princess Auto Elite 10,USA,2017
Rachel Homan,Rachel Homan (Skip),Players' Championship,CAN,2017
Rachel Homan,Emma Miskew,Players' Championship,CAN,2017
Rachel Homan,Lisa Weagle,Players' Championship,CAN,2017
Rachel Homan,Joanne Courtney,Players' Championship,CAN,2017
Jennifer Jones,Jennifer Jones (Skip),Players' Championship,CAN,2017
Jennifer Jones,Kaitlyn Lawes,Players' Championship,CAN,2017
Jennifer Jones,Jill Officer,Players' Championship,CAN,2017
Jennifer Jones,Dawn McEwen,Players' Championship,CAN,2017
Jamie Sinclair,Jamie Sinclair (Skip),Players' Championship,USA,2017
Jamie Sinclair,Alexandra Carlson,Players' Championship,USA,2017
Jamie Sinclair,Vicky Persinger,Players' Championship,USA,2017
Jamie Sinclair,Monica Walker,Players' Championship,USA,2017
Anna Hasselborg,Anna Hasselborg (Skip),Players' Championship,SWE,2017
Anna Hasselborg,Sara McManus,Players' Championship,SWE,2017
Anna Hasselborg,Agnes Knochenhauer,Players' Championship,SWE,2017
Anna Hasselborg,Sofia Mabergs,Players' Championship,SWE,2017
Nina Roth,Nina Roth (Skip),Players' Championship,USA,2017
Nina Roth,Tabitha Peterson,Players' Championship,USA,2017
Nina Roth,Aileen Geving,Players' Championship,USA,2017
Nina Roth,Becca Hamilton,Players' Championship,USA,2017
Chelsea Carey,Chelsea Carey (Skip),Players' Championship,CAN,2017
Chelsea Carey,Cathy Overton-Clapham,Players' Championship,CAN,2017
Chelsea Carey,Jocelyn Peterman,Players' Championship,CAN,2017
Chelsea Carey,Laine Peters,Players' Championship,CAN,2017
Satsuki Fujisawa,Satsuki Fujisawa (Skip),Players' Championship,JPN,2017
Satsuki Fujisawa,Chinami Yoshida,Players' Championship,JPN,2017
Satsuki Fujisawa,Yumi Suzuki,Players' Championship,JPN,2017
Satsuki Fujisawa,Yurika Yoshida,Players' Championship,JPN,2017
Eve Muirhead,Eve Muirhead (Skip),Players' Championship,SCO,2017
Eve Muirhead,Anna Sloan,Players' Championship,SCO,2017
Eve Muirhead,Vicki Adams,Players' Championship,SCO,2017
Eve Muirhead,Lauren Gray,Players' Championship,SCO,2017
EunJung Kim,EunJung Kim (Skip),Players' Championship,KOR,2017
EunJung Kim,KyeongAe Kim (Skip),Players' Championship,KOR,2017
EunJung Kim,SeonYeong Kim (Skip),Players' Championship,KOR,2017
EunJung Kim,YeongMi Kim (Skip),Players' Championship,KOR,2017
Laura Crocker,Laura Crocker (Skip),Players' Championship,CAN,2017
Laura Crocker,Kendra Lilly,Players' Championship,CAN,2017
Laura Crocker,Taylor McDonald,Players' Championship,CAN,2017
Laura Crocker,Jen Gates,Players' Championship,CAN,2017
Silvana Tirinzoni,Silvana Tirinzoni (Skip),Players' Championship,SUI,2017
Silvana Tirinzoni,Esther Neuenschwander,Players' Championship,SUI,2017
Silvana Tirinzoni,Manuela Siegrist,Players' Championship,SUI,2017
Silvana Tirinzoni,Marlene Albrecht,Players' Championship,SUI,2017
Kerri Einarson,Kerri Einarson (Skip),Players' Championship,CAN,2017
Kerri Einarson,Selena Njegovan,Players' Championship,CAN,2017
Kerri Einarson,Liz Fyfe,Players' Championship,CAN,2017
Kerri Einarson,Kristin MacCuish,Players' Championship,CAN,2017
Brad Jacobs,Brad Jacobs (Skip),Players' Championship,CAN,2017
Brad Jacobs,Ryan Fry,Players' Championship,CAN,2017
Brad Jacobs,E.J. Harnden,Players' Championship,CAN,2017
Brad Jacobs,Ryan Harnden,Players' Championship,CAN,2017
Bruce Mouat,Bruce Mouat (Skip),Players' Championship,SCO,2017
Bruce Mouat,Grant Hardie,Players' Championship,SCO,2017
Bruce Mouat,Bobby Lammie,Players' Championship,SCO,2017
Bruce Mouat,Hammy McMillan Jr.,Players' Championship,SCO,2017
Brendan Bottcher,Brendan Bottcher (Skip),Players' Championship,CAN,2017
Brendan Bottcher,Darren Moulding,Players' Championship,CAN,2017
Brendan Bottcher,Bradley Thiessen,Players' Championship,CAN,2017
Brendan Bottcher,Karrick Martin,Players' Championship,CAN,2017
Kyle Smith,Kyle Smith (Skip),Players' Championship,SCO,2017
Kyle Smith,Thomas Muirhead,Players' Championship,SCO,2017
Kyle Smith,Kyle Waddell,Players' Championship,SCO,2017
Kyle Smith,Cammy Smith (Skip),Players' Championship,SCO,2017
Mike McEwen,Mike McEwen (Skip),Players' Championship,CAN,2017
Mike McEwen,B.J. Neufeld,Players' Championship,CAN,2017
Mike McEwen,Matt Wozniak,Players' Championship,CAN,2017
Mike McEwen,Denni Neufeld,Players' Championship,CAN,2017
Kevin Koe,Kevin Koe (Skip),Players' Championship,CAN,2017
Kevin Koe,Marc Kennedy,Players' Championship,CAN,2017
Kevin Koe,Brent Laing,Players' Championship,CAN,2017
Kevin Koe,Ben Hebert,Players' Championship,CAN,2017
John Epping,John Epping (Skip),Players' Championship,CAN,2017
John Epping,Mathew Camm,Players' Championship,CAN,2017
John Epping,Patrick Janssen,Players' Championship,CAN,2017
John Epping,Tim March,Players' Championship,CAN,2017
Brad Gushue,Brad Gushue (Skip),Players' Championship,CAN,2017
Brad Gushue,Mark Nichols,Players' Championship,CAN,2017
Brad Gushue,Brett Gallant,Players' Championship,CAN,2017
Brad Gushue,Geoff Walker,Players' Championship,CAN,2017
Niklas Edin,Niklas Edin (Skip),Players' Championship,SWE,2017
Niklas Edin,Oskar Eriksson,Players' Championship,SWE,2017
Niklas Edin,Rasmus Wrana,Players' Championship,SWE,2017
Niklas Edin,Christoffer Sundgren,Players' Championship,SWE,2017
Jason Gunnlaugson,Jason Gunnlaugson (Skip),Players' Championship,CAN,2017
Jason Gunnlaugson,Alex Forrest,Players' Championship,CAN,2017
Jason Gunnlaugson,Ian McMillan,Players' Championship,CAN,2017
Jason Gunnlaugson,Connor Njegovan,Players' Championship,CAN,2017
Reid Carruthers,Reid Carruthers (Skip),Players' Championship,CAN,2017
Reid Carruthers,Jeff Stoughton,Players' Championship,CAN,2017
Reid Carruthers,Derek Samagalski,Players' Championship,CAN,2017
Reid Carruthers,Colin Hodgson,Players' Championship,CAN,2017
John Shuster,Tyler George,Players' Championship,USA,2017
John Shuster,John Shuster (Skip),Players' Championship,USA,2017
John Shuster,Matt Hamilton,Players' Championship,USA,2017
John Shuster,John Landsteiner,Players' Championship,USA,2017
Rachel Homan,Rachel Homan (Skip),Humpty's Champions Cup,CAN,2017
Rachel Homan,Emma Miskew,Humpty's Champions Cup,CAN,2017
Rachel Homan,Joanne Courtney,Humpty's Champions Cup,CAN,2017
Rachel Homan,Lisa Weagle,Humpty's Champions Cup,CAN,2017
Kaitlyn Jones,Kaitlyn Jones (Skip),Humpty's Champions Cup,CAN,2017
Kaitlyn Jones,Karlee Burgess,Humpty's Champions Cup,CAN,2017
Kaitlyn Jones,Lauren Lenentine,Humpty's Champions Cup,CAN,2017
Kaitlyn Jones,Lindsey Burgess,Humpty's Champions Cup,CAN,2017
Kristen MacDiarmid,Kristen MacDiarmid (Skip),Humpty's Champions Cup,CAN,2017
Kristen MacDiarmid,Marie Christianson,Humpty's Champions Cup,CAN,2017
Kristen MacDiarmid,Liz Woodworth,Humpty's Champions Cup,CAN,2017
Kristen MacDiarmid,Julia Colter,Humpty's Champions Cup,CAN,2017
Silvana Tirinzoni,Silvana Tirinzoni (Skip),Humpty's Champions Cup,SUI,2017
Silvana Tirinzoni,Esther Neuenschwander,Humpty's Champions Cup,SUI,2017
Silvana Tirinzoni,Manuela Siegrist,Humpty's Champions Cup,SUI,2017
Silvana Tirinzoni,Marlene Albrecht,Humpty's Champions Cup,SUI,2017
Jamie Sinclair,Jamie Sinclair (Skip),Humpty's Champions Cup,USA,2017
Jamie Sinclair,Alexandra Carlson,Humpty's Champions Cup,USA,2017
Jamie Sinclair,Vicky Persinger,Humpty's Champions Cup,USA,2017
Jamie Sinclair,Monica Walker,Humpty's Champions Cup,USA,2017
Anna Hasselborg,Anna Hasselborg (Skip),Humpty's Champions Cup,SWE,2017
Anna Hasselborg,Sara McManus,Humpty's Champions Cup,SWE,2017
Anna Hasselborg,Agnes Knochenhauer,Humpty's Champions Cup,SWE,2017
Anna Hasselborg,Sofia Mabergs,Humpty's Champions Cup,SWE,2017
Chelsea Carey,Chelsea Carey (Skip),Humpty's Champions Cup,CAN,2017
Chelsea Carey,Cathy Overton-Clapham,Humpty's Champions Cup,CAN,2017
Chelsea Carey,Jocelyn Peterman,Humpty's Champions Cup,CAN,2017
Chelsea Carey,Laine Peters,Humpty's Champions Cup,CAN,2017
Delia DeJong,Janais DeJong (Skip),Humpty's Champions Cup,CAN,2017
Delia DeJong,Delia DeJong (Skip),Humpty's Champions Cup,CAN,2017
Delia DeJong,Kayla Skrlik,Humpty's Champions Cup,CAN,2017
Delia DeJong,Amy Janko,Humpty's Champions Cup,CAN,2017
Eve Muirhead,Eve Muirhead (Skip),Humpty's Champions Cup,SCO,2017
Eve Muirhead,Anna Sloan,Humpty's Champions Cup,SCO,2017
Eve Muirhead,Vicki Adams,Humpty's Champions Cup,SCO,2017
Eve Muirhead,Lauren Gray,Humpty's Champions Cup,SCO,2017
Val Sweeting,Val Sweeting (Skip),Humpty's Champions Cup,CAN,2017
Val Sweeting,Lori Olson-Johns,Humpty's Champions Cup,CAN,2017
Val Sweeting,Dana Ferguson,Humpty's Champions Cup,CAN,2017
Val Sweeting,Rachel Brown,Humpty's Champions Cup,CAN,2017
Binia Feltscher,Binia Feltscher (Skip),Humpty's Champions Cup,SUI,2017
Binia Feltscher,Carole Howald,Humpty's Champions Cup,SUI,2017
Binia Feltscher,Franziska Kaufmann,Humpty's Champions Cup,SUI,2017
Binia Feltscher,Larissa Hari,Humpty's Champions Cup,SUI,2017
Alina Paetz,Alina Paetz (Skip),Humpty's Champions Cup,SUI,2017
Alina Paetz,Nadine Lehmann,Humpty's Champions Cup,SUI,2017
Alina Paetz,Marisa Winkelhausen,Humpty's Champions Cup,SUI,2017
Alina Paetz,Nicole Schwaegli,Humpty's Champions Cup,SUI,2017
Kerri Einarson,Kerri Einarson (Skip),Humpty's Champions Cup,CAN,2017
Kerri Einarson,Selena Njegovan,Humpty's Champions Cup,CAN,2017
Kerri Einarson,Liz Fyfe,Humpty's Champions Cup,CAN,2017
Kerri Einarson,Kristin MacCuish,Humpty's Champions Cup,CAN,2017
Colton Flasch,Colton Flasch (Skip),Humpty's Champions Cup,CAN,2017
Colton Flasch,Kevin Marsh,Humpty's Champions Cup,CAN,2017
Colton Flasch,Daniel Marsh,Humpty's Champions Cup,CAN,2017
Colton Flasch,Dallan Muyres,Humpty's Champions Cup,CAN,2017
Brad Jacobs,Brad Jacobs (Skip),Humpty's Champions Cup,CAN,2017
Brad Jacobs,Ryan Fry,Humpty's Champions Cup,CAN,2017
Brad Jacobs,E.J. Harnden,Humpty's Champions Cup,CAN,2017
Brad Jacobs,Ryan Harnden,Humpty's Champions Cup,CAN,2017
Bruce Mouat,Bruce Mouat (Skip),Humpty's Champions Cup,SCO,2017
Bruce Mouat,Grant Hardie,Humpty's Champions Cup,SCO,2017
Bruce Mouat,Bobby Lammie,Humpty's Champions Cup,SCO,2017
Bruce Mouat,Hammy McMillan Jr.,Humpty's Champions Cup,SCO,2017
Brendan Bottcher,Brendan Bottcher (Skip),Humpty's Champions Cup,CAN,2017
Brendan Bottcher,Darren Moulding,Humpty's Champions Cup,CAN,2017
Brendan Bottcher,Bradley Thiessen,Humpty's Champions Cup,CAN,2017
Brendan Bottcher,Karrick Martin,Humpty's Champions Cup,CAN,2017
Kurt Balderston,Kurt Balderston (Skip),Humpty's Champions Cup,CAN,2017
Kurt Balderston,Karsten Sturmay,Humpty's Champions Cup,CAN,2017
Kurt Balderston,Rob Bucholz,Humpty's Champions Cup,CAN,2017
Kurt Balderston,Del Shaughnessy,Humpty's Champions Cup,CAN,2017
Glenn Howard,Glenn Howard (Skip),Humpty's Champions Cup,CAN,2017
Glenn Howard,Adam Spencer,Humpty's Champions Cup,CAN,2017
Glenn Howard,David Mathers,Humpty's Champions Cup,CAN,2017
Glenn Howard,Scott Howard (Skip),Humpty's Champions Cup,CAN,2017
Mike McEwen,Mike McEwen (Skip),Humpty's Champions Cup,CAN,2017
Mike McEwen,B.J. Neufeld,Humpty's Champions Cup,CAN,2017
Mike McEwen,Matt Wozniak,Humpty's Champions Cup,CAN,2017
Mike McEwen,Denni Neufeld,Humpty's Champions Cup,CAN,2017
Kevin Koe,Kevin Koe (Skip),Humpty's Champions Cup,CAN,2017
Kevin Koe,Marc Kennedy,Humpty's Champions Cup,CAN,2017
Kevin Koe,Brent Laing,Humpty's Champions Cup,CAN,2017
Kevin Koe,Ben Hebert,Humpty's Champions Cup,CAN,2017
Tyler Tardi,Tyler Tardi (Skip),Humpty's Champions Cup,CAN,2017
Tyler Tardi,Sterling Middleton,Humpty's Champions Cup,CAN,2017
Tyler Tardi,Jacques Gauthier,Humpty's Champions Cup,CAN,2017
Tyler Tardi,Jordan Tardi (Skip),Humpty's Champions Cup,CAN,2017
Brad Gushue,Brad Gushue (Skip),Humpty's Champions Cup,CAN,2017
Brad Gushue,Mark Nichols,Humpty's Champions Cup,CAN,2017
Brad Gushue,Brett Gallant,Humpty's Champions Cup,CAN,2017
Brad Gushue,Geoff Walker,Humpty's Champions Cup,CAN,2017
Niklas Edin,Niklas Edin (Skip),Humpty's Champions Cup,SWE,2017
Niklas Edin,Oskar Eriksson,Humpty's Champions Cup,SWE,2017
Niklas Edin,Rasmus Wrana,Humpty's Champions Cup,SWE,2017
Niklas Edin,Christoffer Sundgren,Humpty's Champions Cup,SWE,2017
Jason Gunnlaugson,Jason Gunnlaugson (Skip),Humpty's Champions Cup,CAN,2017
Jason Gunnlaugson,Alex Forrest,Humpty's Champions Cup,CAN,2017
Jason Gunnlaugson,Matt Dunstone,Humpty's Champions Cup,CAN,2017
Jason Gunnlaugson,Connor Njegovan,Humpty's Champions Cup,CAN,2017
Reid Carruthers,Reid Carruthers (Skip),Humpty's Champions Cup,CAN,2017
Reid Carruthers,John Morris,Humpty's Champions Cup,CAN,2017
Reid Carruthers,Derek Samagalski,Humpty's Champions Cup,CAN,2017
Reid Carruthers,Colin Hodgson,Humpty's Champions Cup,CAN,2017
Marc Pfister,Marc Pfister (Skip),Humpty's Champions Cup,SUI,2017
Marc Pfister,Dominik Maerki,Humpty's Champions Cup,SUI,2017
Marc Pfister,Raphael Maerki,Humpty's Champions Cup,SUI,2017
Marc Pfister,Simon Gempeler,Humpty's Champions Cup,SUI,2017
